axis,stage,frequency_hz,input_psd,gain,phase_deg,coherence
Roll,inner,0.732421875,1377.2940497891811,1.0071813183491816,-0.14615808742281794,0.999251721355078
Roll,inner,0.9765625,737.4543347488515,1.0158863161145157,-0.20600552384371873,0.9992154239885854
Roll,inner,1.220703125,365.60668292416506,1.0200438094251774,-0.6796449871166655,0.9987961756079918
Roll,inner,1.46484375,169.79464706518803,1.0233574307750184,-0.9178387860735717,0.9970487037171155
Roll,inner,1.708984375,81.8324703486382,1.0398645877475017,-0.7834884567694136,0.9922659740082506
Roll,inner,1.953125,45.413048820626074,1.0507695722851993,-0.666163099044384,0.9911296978012765
Roll,inner,2.197265625,30.186521690449464,1.0379744672285507,-1.822877424838655,0.9867915352908119
Roll,inner,2.44140625,22.30083573646857,1.0287003263416234,-3.3217133607443436,0.9846435496383925
Roll,inner,2.685546875,14.93806154723785,1.0225175031946019,-5.0072350828762335,0.9811297629102479
Roll,inner,2.9296875,9.896023838443073,1.04580657276379,-5.02344355978496,0.9707334242366826
Roll,inner,3.173828125,7.701684313240395,1.0615581833603833,-3.3661497531937914,0.9595992220541721
Roll,inner,3.41796875,6.292973632293932,1.098933708162709,-2.6262534802148894,0.9531989219916142
Roll,inner,3.662109375,6.079183643050009,1.1013042244907616,-2.198903061486651,0.9571783844245342
Roll,inner,3.90625,5.184101451137369,1.0383921446951982,-1.9435473364991163,0.9465817044979595
Roll,inner,4.150390625,4.039571765621022,1.0624622838906803,1.8005417732410098,0.9244399304520758
Roll,inner,4.39453125,3.218035411851212,1.20502013956192,4.719932355560392,0.9490357311590748
Roll,inner,4.638671875,3.194130226236908,1.2200081298821022,2.7813613606610157,0.9486345821307534
Roll,inner,4.8828125,3.4528971734643723,1.1877370992284415,-0.9147008805125543,0.9431698951189073
Roll,inner,5.126953125,3.464740106293357,1.195674316999448,-2.8834615862344415,0.9481520076269003
Roll,inner,5.37109375,2.9712557534934243,1.1914281471648673,-2.774712787128129,0.964529404311781
Roll,inner,5.615234375,2.2427909207378987,1.187912836937414,-2.7020114266777893,0.9597234289080686
Roll,inner,5.859375,1.7895923650250645,1.2542792053360374,-3.64218138529532,0.9345368927376113
Roll,inner,6.103515625,1.4437450238669174,1.300870301801155,-7.207172396825923,0.9290263226760453
Roll,inner,6.34765625,1.1493815683124073,1.3134500733276528,-9.853383471703324,0.9084757279748458
Roll,inner,6.591796875,0.8930138212438103,1.3022698813446754,-12.564108762951031,0.8418181584501514
Roll,inner,6.8359375,0.6934803756548412,1.2396745768162625,-19.33136242338589,0.801221205562599
Roll,inner,7.080078125,0.5428984306483696,1.2920863383424632,-21.264844262698084,0.8057989883152438
Roll,inner,7.32421875,0.44251423906936294,1.235679784433966,-23.98368171401328,0.6652300308568646
Roll,inner,7.568359375,0.34736717910224646,1.0561523886411888,-23.915897692249356,0.5300131156895719
Roll,inner,7.8125,0.2899424989689449,0.9912660350475394,-22.337259795429695,0.5374345535929895
Roll,inner,8.056640625,0.20546512140163387,0.9752039659792806,-26.28671043609912,0.47359716016422126
Roll,inner,8.30078125,0.13375552803591836,1.1235293235422825,-32.70063150845612,0.4710831183539085
Roll,inner,8.544921875,0.07036367144479524,1.4519369053423492,-32.80245824308366,0.45692150482919963
Roll,inner,8.7890625,0.048252307985733114,1.576195177277334,-27.471470280179517,0.3657383708320139
Roll,inner,9.033203125,0.050377996196063306,1.2615097370010606,-36.84041744880267,0.2615772118167001
Roll,inner,9.27734375,0.05809747119414985,0.9617582744111877,-29.17278401629916,0.20060798890673298
Roll,inner,9.521484375,0.05908669750281628,0.675609181508163,-10.162840481682672,0.12017332786329316
Roll,inner,9.765625,0.046327159874829306,1.126143135185717,-18.517823785617363,0.23164064509470592
Roll,inner,10.009765625,0.043331566841242106,1.5383904012126708,-26.752237845583366,0.32472007282854437
Roll,inner,10.25390625,0.052627025444543625,1.4318886774962234,-30.162481061970915,0.3878362048394004
Roll,inner,10.498046875,0.07412393734129243,1.3111882178588243,-25.07008029894633,0.4741846022857246
Roll,inner,10.7421875,0.08977080599388164,1.3668529245293155,-27.328415941376733,0.5304429034826856
Roll,inner,10.986328125,0.10143881992448418,1.3789245343082208,-22.996552478676193,0.6489777562664458
Roll,inner,11.23046875,0.09578841303105744,1.256101662935194,-19.9686396889325,0.5382333020861464
Roll,inner,11.474609375,0.07726799277583318,1.3256825678683515,-10.3595723684164,0.5044629128187954
Roll,inner,11.71875,0.06339048925470146,1.5601550066579295,-10.386096305240326,0.5382005474881874
Roll,inner,11.962890625,0.053917855027484515,1.892888595843547,-14.881597428273574,0.5461057617855564
Roll,inner,12.20703125,0.057183961198130635,2.2626542902344773,-27.07581576307723,0.6268415576442401
Roll,inner,12.451171875,0.0714932046213968,2.2837929064381166,-40.233395131239924,0.6895099224233822
Roll,inner,12.6953125,0.0823570682548528,2.0640802386849186,-49.12843366768009,0.719651169059776
Roll,inner,12.939453125,0.0868825056089828,1.8338862358530836,-50.191165947563555,0.7848356452324782
Roll,inner,13.18359375,0.08087238027570125,1.8558510314972207,-49.82590139531618,0.8070952031157212
Roll,inner,13.427734375,0.0645011413067996,1.9502971322737024,-53.3707453306178,0.7003241032580824
Roll,inner,13.671875,0.044271352037211956,1.8860842848568666,-66.39616867664725,0.5476678051845075
Roll,inner,13.916015625,0.030102251009087776,1.4638008778275347,-88.28568982800033,0.3943500076138278
Roll,inner,14.16015625,0.0201336853361593,1.0264804971689214,-88.36268859029967,0.19338692933439788
Roll,inner,14.404296875,0.01565078070394202,0.8069535133302747,-50.20063690100618,0.08569962577198759
Roll,inner,14.6484375,0.014171420743247438,0.8826498364705182,-50.39469222218891,0.10427480922342129
Roll,inner,14.892578125,0.012989912892207946,0.7899415556762165,-35.642343766918,0.07776050528441913
Roll,inner,15.13671875,0.012765269300068285,1.2141613476859494,-48.52385040624266,0.15280170772367752
Roll,inner,15.380859375,0.013193657186653262,1.2104795469311567,-46.12134938496211,0.15188097951681293
Roll,inner,15.625,0.013806984056578006,0.9860519455297637,-46.171259875931305,0.10645529250596916
Roll,inner,15.869140625,0.013052949343728727,1.500834676880024,-36.24150942705146,0.19249229425364908
Roll,inner,16.11328125,0.01338936100501277,1.9331295866327487,-35.599807276652676,0.2806828065710623
Roll,inner,16.357421875,0.011322615673207958,1.9672846152061707,-42.146434672109116,0.23420171611515941
Roll,inner,16.6015625,0.009581405780732775,1.9173346534539417,-46.38230649493481,0.24104685949548701
Roll,inner,16.845703125,0.011286205595227026,1.578270107383973,-39.416733328417514,0.1893695358352241
Roll,inner,17.08984375,0.013862197563886302,1.6763604133698264,-40.97222456206056,0.2273482746486277
Roll,inner,17.333984375,0.017623990299081536,2.441998940891169,-51.78078020878473,0.4672529675863701
Roll,inner,17.578125,0.019137001340286498,2.5794014764273783,-65.00934969116584,0.5569133918583808
Roll,inner,17.822265625,0.019498966303890166,1.8385990188623345,-72.88989269576707,0.40742367984034444
Roll,inner,18.06640625,0.017973362956160772,1.5420146335438674,-75.50833747601277,0.31925939417926386
Roll,inner,18.310546875,0.016148443366211226,1.5601957933822068,-56.20542097425856,0.3005720958671979
Roll,inner,18.5546875,0.0157709736630176,2.024493666114943,-60.41671527263081,0.408651545120408
Roll,inner,18.798828125,0.016493432539898004,2.1290788292127036,-72.11666070733538,0.40884894155906765
Roll,inner,19.04296875,0.015421376767967775,2.2208029207364803,-89.44631493027929,0.4471059456432943
Roll,inner,19.287109375,0.013289944799567821,1.939450553536682,-98.66317240890056,0.3266157293217039
Roll,inner,19.53125,0.010381178763764754,2.021023763109607,-103.46924220545097,0.27245862181909625
Roll,inner,19.775390625,0.008529847327356042,1.9179462522551465,-104.26477772688611,0.1951927585745339
Roll,inner,20.01953125,0.006237893629890002,2.1191452817819396,-110.99086667633888,0.2032717145457083
Roll,inner,20.263671875,0.005260150759147941,2.547907151571857,-120.4488747871505,0.19850216200488274
Roll,inner,20.5078125,0.00535138427612058,1.8698829856213255,-132.30626093084268,0.1243575203716694
Roll,inner,20.751953125,0.00523686849881154,0.8695811107307934,-146.90593887439414,0.02736252664408257
Roll,inner,20.99609375,0.003961852597624495,0.07067720705749417,-119.98661003707137,0.00011297694853047508
Roll,inner,21.240234375,0.003700961576438594,1.2127346375016552,-89.24812674574494,0.03148356943893296
Roll,inner,21.484375,0.0032573805884173715,1.6916759192202389,-86.97319503579038,0.05604193071125639
Roll,inner,21.728515625,0.003151823002011834,1.6982513044719845,-118.24799715398245,0.049907118940641794
Roll,inner,21.97265625,0.00242292689265211,1.44271770419302,-36.011502173843034,0.02328510245743362
Roll,inner,22.216796875,0.002341345116571683,3.4468922640914186,-10.327641132674987,0.10616241107318848
Roll,inner,22.4609375,0.002703955591359502,1.948553121428945,-56.34770235819733,0.03864885999182493
Roll,inner,22.705078125,0.0036765609972597667,2.2349889703682404,-90.18502433786968,0.07121188225339765
Roll,inner,22.94921875,0.004782010707060169,1.92312392523365,-112.50403233460398,0.07228884183409007
Roll,inner,23.193359375,0.005272392003737356,1.8274554167179293,-150.01555710949935,0.07090613997484702
Roll,inner,23.4375,0.004258472291988569,1.3158437255946036,-133.29007870533732,0.03245642467633212
Roll,inner,23.681640625,0.002972840650238111,0.7295441926858057,-137.19566538365953,0.0074483554874026
Roll,inner,23.92578125,0.002430751654155007,2.281570189296161,-168.04583473652184,0.06297501765308172
Roll,inner,24.169921875,0.0026640461007272566,2.851897283496008,-135.54009259497778,0.12582216431999887
Roll,inner,24.4140625,0.003118502656227223,2.4003302108763154,-122.01064016338884,0.09935531595357958
Roll,inner,24.658203125,0.003115618534306401,1.6504378889226945,-132.61456830341118,0.0488117313391606
Roll,inner,24.90234375,0.0033307547940621784,1.98937385759451,-130.30563044987548,0.09859195264261761
Roll,inner,25.146484375,0.0034802466809997243,1.71809142500837,-133.72399182711294,0.07946566307138182
Roll,inner,25.390625,0.003594246583680002,1.309793573988133,-165.6007233026306,0.0344108118418759
Roll,inner,25.634765625,0.003334344347317042,1.2759019933147788,144.29966670009057,0.0369454901247044
Roll,inner,25.87890625,0.0030429867648824062,1.0007545961253939,171.46193457706954,0.021845095039807423
Roll,inner,26.123046875,0.0021804398727383184,1.019561497524707,165.3888129499788,0.01705450806170272
Roll,inner,26.3671875,0.0019054042656756406,0.7285243904943778,115.21436370733655,0.008044074631434344
Roll,inner,26.611328125,0.0021817696983561052,0.4686118256712464,12.012931517457544,0.0037366254329080522
Roll,inner,26.85546875,0.0026975448395356876,0.5521092916015001,39.56854211519386,0.006258443828576732
Roll,inner,27.099609375,0.0025564316126007384,0.902675586877888,173.09194011972198,0.01260481461980856
Roll,inner,27.34375,0.0022967213328414647,1.6532508701471533,165.6981629199111,0.03068999028191278
Roll,inner,27.587890625,0.0020238825822572735,1.4323331373448314,129.8891172895824,0.020104316617629594
Roll,inner,27.83203125,0.001625723143985593,1.0836111048003558,-15.305978191683689,0.008223968550402295
Roll,inner,28.076171875,0.0014873149992019315,0.8931088462210741,12.221161121093644,0.004769288765030099
Roll,inner,28.3203125,0.0018092597605725445,2.6110485183110965,-71.43171950063049,0.051687182822785206
Roll,inner,28.564453125,0.0021019887998387395,1.1909874898969977,-58.05049246713133,0.014587356635998139
Roll,inner,28.80859375,0.0021380995787754066,1.8282042683032014,-170.64291155181445,0.03356084885447057
Roll,inner,29.052734375,0.0019737106112436642,1.9913281523521873,118.28635467892953,0.032601209256802335
Roll,inner,29.296875,0.0016563934541408267,2.044880594942134,117.2388776434415,0.02702939628862658
Roll,inner,29.541015625,0.0015697817519582285,1.2235275786963133,116.70686768934301,0.008303417654152039
Roll,inner,29.78515625,0.0015792200668316699,1.5787751015040428,105.11056371297425,0.013882310813289597
Roll,rc_to_gyro,0.732421875,1379.2068228407468,1.0064439885360927,-4.2776143372432305,0.999174927626685
Roll,rc_to_gyro,0.9765625,738.295044496902,1.0151609349156558,-5.653104045948292,0.9989264737436532
Roll,rc_to_gyro,1.220703125,367.18460325732076,1.017728465904801,-7.516590149887367,0.9985582454619398
Roll,rc_to_gyro,1.46484375,170.13164174795892,1.0221306190286168,-9.13693886573716,0.99663371140273
Roll,rc_to_gyro,1.708984375,82.25053411827147,1.037198468584809,-10.428033746158567,0.9922276393461238
Roll,rc_to_gyro,1.953125,45.766516955084384,1.04669540370172,-12.029515760722807,0.9911134038528578
Roll,rc_to_gyro,2.197265625,30.411943431908806,1.0337917863133477,-14.739214598461656,0.986164420027684
Roll,rc_to_gyro,2.44140625,22.593907625374253,1.022068903605177,-17.595800817484392,0.9847632778076538
Roll,rc_to_gyro,2.685546875,15.197033988327425,1.0140025561054073,-20.579407937567886,0.9815843791800857
Roll,rc_to_gyro,2.9296875,10.160042606387513,1.033060539689784,-22.088758656600323,0.972486523547886
Roll,rc_to_gyro,3.173828125,7.989907138709909,1.0431143171730546,-21.729627062347596,0.9612184833855454
Roll,rc_to_gyro,3.41796875,6.5993417992489,1.0737777145677023,-22.760993390121207,0.9543639708459594
Roll,rc_to_gyro,3.662109375,6.442047651551749,1.069783518457331,-23.895496071259778,0.9570811166773697
Roll,rc_to_gyro,3.90625,5.512604922176514,1.0066529447084083,-24.997593436188343,0.9459718897053978
Roll,rc_to_gyro,4.150390625,4.269293846008341,1.0338846490284,-22.539981039119443,0.9251593566211106
Roll,rc_to_gyro,4.39453125,3.4108579809256265,1.171308361893757,-20.933794349875285,0.950406195352964
Roll,rc_to_gyro,4.638671875,3.41638024342483,1.1804028483081024,-24.314409731252763,0.9498337211422699
Roll,rc_to_gyro,4.8828125,3.716429619178176,1.147405650953868,-29.577687752652555,0.9473828581916439
Roll,rc_to_gyro,5.126953125,3.7955733761794104,1.144111668081274,-33.115012911683245,0.9510333032181428
Roll,rc_to_gyro,5.37109375,3.308168437406582,1.1291314894313051,-34.480891994507665,0.9645314135367598
Roll,rc_to_gyro,5.615234375,2.5420938699742175,1.1139104216648803,-36.03772952218519,0.9564896489525868
Roll,rc_to_gyro,5.859375,2.0380084382679815,1.1749713421429926,-38.12537134019583,0.9339301895577868
Roll,rc_to_gyro,6.103515625,1.6472763306481515,1.2181293343362818,-42.79292582246831,0.9294430461728643
Roll,rc_to_gyro,6.34765625,1.32584797054956,1.2214023702843058,-46.68765625272062,0.9062190910875931
Roll,rc_to_gyro,6.591796875,1.0385593652815832,1.2107092937597022,-50.24713744811155,0.8461925450738439
Roll,rc_to_gyro,6.8359375,0.8031542051376851,1.14768629665768,-58.74810849477696,0.7953315295587482
Roll,rc_to_gyro,7.080078125,0.6296671214847949,1.2005396116163176,-63.03128389770243,0.8068430594925141
Roll,rc_to_gyro,7.32421875,0.5196995696612879,1.1470018346783715,-66.90515896751893,0.6731522405372988
Roll,rc_to_gyro,7.568359375,0.4105918493255068,0.9720783404312738,-67.77021931726077,0.5307103048992274
Roll,rc_to_gyro,7.8125,0.34897866422073287,0.9014788170473234,-67.9213819829814,0.5349869452696013
Roll,rc_to_gyro,8.056640625,0.25471699789750296,0.8655794277145933,-74.0738267768801,0.4625427118344274
Roll,rc_to_gyro,8.30078125,0.16448386010765337,1.0107878907983041,-82.50004659421874,0.46887850953335525
Roll,rc_to_gyro,8.544921875,0.08726315311262288,1.3442256542086717,-82.32044097617428,0.4857053401012307
Roll,rc_to_gyro,8.7890625,0.06279982831466677,1.3847700607829105,-74.48122502783612,0.36740599064694407
Roll,rc_to_gyro,9.033203125,0.06804302401314553,1.073009281041497,-83.73890578122054,0.25560442408521594
Roll,rc_to_gyro,9.27734375,0.08260652385003653,0.877915654536932,-81.0170998287608,0.23767257175914436
Roll,rc_to_gyro,9.521484375,0.08645401510847535,0.6025361881756555,-68.2874815389094,0.13985523391759097
Roll,rc_to_gyro,9.765625,0.0725704747182165,0.9765844934754232,-77.10253717432991,0.2728798792549871
Roll,rc_to_gyro,10.009765625,0.06991354309679863,1.2119577483440138,-81.97126522148693,0.325168068132339
Roll,rc_to_gyro,10.25390625,0.08779845576097,1.0733198695904018,-84.89774205890888,0.36355174248719085
Roll,rc_to_gyro,10.498046875,0.11967504131223287,1.0312856795753318,-81.4568917810618,0.47360955048800923
Roll,rc_to_gyro,10.7421875,0.13481394885909942,1.1152520818331406,-86.34228904589445,0.5303234869615803
Roll,rc_to_gyro,10.986328125,0.15041455851947297,1.1376658516035962,-84.46860311153314,0.6550341523501547
Roll,rc_to_gyro,11.23046875,0.14725638741913938,1.0057499129243135,-83.98380785743004,0.5304716211383673
Roll,rc_to_gyro,11.474609375,0.12739180515347298,1.0360982507584484,-75.9499019535397,0.5080353054359659
Roll,rc_to_gyro,11.71875,0.10357682259418005,1.2317081178908391,-75.60653227972604,0.5481036887705616
Roll,rc_to_gyro,11.962890625,0.08957425889114565,1.4823766713488016,-78.82166131626138,0.5564093375630383
Roll,rc_to_gyro,12.20703125,0.09266417965838603,1.7986897772000507,-93.01088424755802,0.6419061790646621
Roll,rc_to_gyro,12.451171875,0.11094956632452004,1.8677633708880723,-108.4235862397925,0.7157010160688593
Roll,rc_to_gyro,12.6953125,0.13264476687500126,1.6397016043697548,-119.04817245784899,0.7314552629464023
Roll,rc_to_gyro,12.939453125,0.14412173056902164,1.418864956591638,-122.54425660540487,0.7793152842136836
Roll,rc_to_gyro,13.18359375,0.13741928281459648,1.4205915618553355,-124.54379542462846,0.8035713683986059
Roll,rc_to_gyro,13.427734375,0.11263357655735327,1.4878239759224037,-128.4595381133469,0.7117067602824266
Roll,rc_to_gyro,13.671875,0.08141403736388955,1.415229525089418,-141.95582361457434,0.567055133161118
Roll,rc_to_gyro,13.916015625,0.05565086772867969,1.1096172448081716,-163.76431276767423,0.41892589848244105
Roll,rc_to_gyro,14.16015625,0.034583832118601596,0.8827199225591811,-163.43238382104227,0.24565262395004941
Roll,rc_to_gyro,14.404296875,0.027018049036302057,0.6804759060125852,-127.76147528397348,0.10520233428690788
Roll,rc_to_gyro,14.6484375,0.02499395774231362,0.5966334144391372,-124.14697417392098,0.08403095465450493
Roll,rc_to_gyro,14.892578125,0.02407855810746,0.6513860809077315,-125.76954995052246,0.09800998848372489
Roll,rc_to_gyro,15.13671875,0.024383775694340505,0.9694770736014426,-131.27466876936256,0.18608932539162376
Roll,rc_to_gyro,15.380859375,0.02736675071121611,0.830665712823458,-129.1797127715734,0.1483539409668783
Roll,rc_to_gyro,15.625,0.030278195465871745,0.6585968906157617,-131.02016246558637,0.10414494282239592
Roll,rc_to_gyro,15.869140625,0.030357339883069035,0.9679193943464522,-121.96450918226857,0.18620060255347198
Roll,rc_to_gyro,16.11328125,0.03052546597709344,1.4047460958944966,-122.90623166461516,0.3379029578917946
Roll,rc_to_gyro,16.357421875,0.026049424437618138,1.378848488669066,-127.57378591306464,0.26469158980223023
Roll,rc_to_gyro,16.6015625,0.023218768411270865,1.2739606856670165,-132.68376332441665,0.2578859207848467
Roll,rc_to_gyro,16.845703125,0.026760165306534408,1.0197407174859419,-131.2997383279307,0.18744238805169217
Roll,rc_to_gyro,17.08984375,0.03520499653649873,1.1595207655479978,-133.23935998456923,0.27623973756561726
Roll,rc_to_gyro,17.333984375,0.044765403255152256,1.591889268812012,-142.40423504945494,0.5043419484945494
Roll,rc_to_gyro,17.578125,0.04972533852369085,1.6118679347907607,-158.61092623099205,0.5650833953747654
Roll,rc_to_gyro,17.822265625,0.05133790508491571,1.1682556565744124,-166.6097946214509,0.4330864118475743
Roll,rc_to_gyro,18.06640625,0.046507244176985506,0.9849094989320346,-168.46457358132403,0.3370160686461217
Roll,rc_to_gyro,18.310546875,0.0423088889805408,1.0312178537955918,-152.9068271677953,0.3440267856140055
Roll,rc_to_gyro,18.5546875,0.04291319047051702,1.2618950956789434,-156.3401266821883,0.4320152756786249
Roll,rc_to_gyro,18.798828125,0.04524499134902711,1.2916108352995848,-169.82613483122418,0.4127643826777879
Roll,rc_to_gyro,19.04296875,0.04180585943250193,1.3559755326656289,171.65760476193117,0.4518643925737449
Roll,rc_to_gyro,19.287109375,0.03515946460902653,1.2277898920654964,156.57558613848877,0.3462955062995213
Roll,rc_to_gyro,19.53125,0.028188251988426886,1.2034113620952835,154.05741907041863,0.2623055056704827
Roll,rc_to_gyro,19.775390625,0.023116291690599807,1.0975530888844014,151.97883171336275,0.17322828964518425
Roll,rc_to_gyro,20.01953125,0.017236410922683607,1.2217701912717902,141.34505489458724,0.18669961043342317
Roll,rc_to_gyro,20.263671875,0.016302518754382565,1.296686791622107,135.15609984875863,0.1593399720914133
Roll,rc_to_gyro,20.5078125,0.016348750493758998,1.0211777428425415,120.1065004600502,0.11330897287341812
Roll,rc_to_gyro,20.751953125,0.015374689886542942,0.60757196065377,99.21844899765176,0.039216257441985876
Roll,rc_to_gyro,20.99609375,0.011893764799377995,0.08818341507715075,169.42514716414593,0.0005279902977213315
Roll,rc_to_gyro,21.240234375,0.010389882026349027,0.6312626781537578,175.25760512134494,0.023947967927520738
Roll,rc_to_gyro,21.484375,0.010001158653862592,1.0997077829794042,165.83900086533706,0.07271351926576922
Roll,rc_to_gyro,21.728515625,0.009777823024198471,0.899408327612353,120.82755481249252,0.043426291796092795
Roll,rc_to_gyro,21.97265625,0.008217299652431908,0.6863489106169092,-104.95931116118696,0.017872863646803887
Roll,rc_to_gyro,22.216796875,0.008105445319183056,1.8679923071193976,-136.3279794770157,0.10793864647550867
Roll,rc_to_gyro,22.4609375,0.009483190996383985,1.3747864500414746,154.3446782110645,0.06747418029062129
Roll,rc_to_gyro,22.705078125,0.012837452781889915,1.4668321489820788,154.4739757551741,0.10710250289067193
Roll,rc_to_gyro,22.94921875,0.016068663239647462,1.084751247019864,140.29928238373105,0.07728340461570345
Roll,rc_to_gyro,23.193359375,0.019230981637172153,1.0207532640726977,97.32888679256489,0.08069108919275698
Roll,rc_to_gyro,23.4375,0.01808449954376073,0.7220764895423497,95.76582906605816,0.041506023546000075
Roll,rc_to_gyro,23.681640625,0.013820280355252481,0.36111748743838046,89.35569022743742,0.008483976344267254
Roll,rc_to_gyro,23.92578125,0.010779863199947892,0.9864541741047754,90.96265974054104,0.05220680547344377
Roll,rc_to_gyro,24.169921875,0.01100224296268395,1.508243637775237,107.70370096568942,0.14533556111144041
Roll,rc_to_gyro,24.4140625,0.013147713267419484,1.4929595107309668,109.13011998721322,0.1620500956282235
Roll,rc_to_gyro,24.658203125,0.013507131912638698,1.1337876966763483,101.04098329793305,0.09986382222204376
Roll,rc_to_gyro,24.90234375,0.01575907382386133,0.8061918163698423,100.58149718690544,0.07660788172442173
Roll,rc_to_gyro,25.146484375,0.017432159716621556,0.6460280422022352,89.65053353555881,0.056276992352788595
Roll,rc_to_gyro,25.390625,0.016889578465071695,0.44429601045138956,70.73941386971087,0.018605655570012
Roll,rc_to_gyro,25.634765625,0.014667711630979473,0.5473677900200711,11.277878189607494,0.029911430970596134
Roll,rc_to_gyro,25.87890625,0.012987842086282364,0.39065868671135084,58.05595523791625,0.014207925115548553
Roll,rc_to_gyro,26.123046875,0.009347563979351695,0.4210325939532311,55.55818516902203,0.012468037801417113
Roll,rc_to_gyro,26.3671875,0.008911827980160153,0.3811763534535445,-5.610601268417585,0.010299578753432336
Roll,rc_to_gyro,26.611328125,0.009779344273696748,0.32162087992972876,43.7448989207443,0.007889370985685538
Roll,rc_to_gyro,26.85546875,0.012574316484644868,0.19512193119904472,-106.41408628627947,0.003643712751821583
Roll,rc_to_gyro,27.099609375,0.012139840542584292,0.3710187793651555,84.55567950171776,0.01011215356703886
Roll,rc_to_gyro,27.34375,0.010315136108001303,0.9926448339669396,51.00167076722614,0.04969053389264708
Roll,rc_to_gyro,27.587890625,0.008579409290850213,0.8580483916572571,8.300513652616091,0.030584182278313454
Roll,rc_to_gyro,27.83203125,0.007609862370285641,0.3432372546219221,-135.26417557095354,0.003862367552295588
Roll,rc_to_gyro,28.076171875,0.006815152660177857,0.9403875324334311,-103.0412810593192,0.024228760242131494
Roll,rc_to_gyro,28.3203125,0.009592568973490567,0.9565751910609008,162.88753923550072,0.03678114212071363
Roll,rc_to_gyro,28.564453125,0.01220938653390663,0.6614717341742645,157.28257076855513,0.02613654807385421
Roll,rc_to_gyro,28.80859375,0.013614326388802365,0.7691743404952441,60.73741489950364,0.03782694827933098
Roll,rc_to_gyro,29.052734375,0.014068638950337739,0.5175151850970197,-5.350337538330794,0.015695055128201102
Roll,rc_to_gyro,29.296875,0.012951640279742065,0.42233540458522706,-33.52916729167509,0.009015227417622928
Roll,rc_to_gyro,29.541015625,0.011763000339043842,0.28727351316277444,53.73342725761189,0.0034300413971610267
Roll,rc_to_gyro,29.78515625,0.011408491572346914,0.6641245032533377,58.33023289034608,0.017746217771973594
Pitch,inner,0.732421875,276.14409706724183,1.0223468159766516,-0.3092022877923201,0.9916837635226202
Pitch,inner,0.9765625,123.05247543534514,1.0248736901514977,-1.4122300564606336,0.982953899036262
Pitch,inner,1.220703125,70.49718558118106,0.9946652693746004,-2.897416079540807,0.969150897632156
Pitch,inner,1.46484375,38.33509166017085,0.9755225878407366,-0.529496125744258,0.9522746349545477
Pitch,inner,1.708984375,21.534918626111416,1.0031983409617302,3.211085164229606,0.9510159178941855
Pitch,inner,1.953125,10.478550371736262,1.0642509645708513,3.8704003087067758,0.9322152097405141
Pitch,inner,2.197265625,4.525887745836113,1.0194643927359919,-1.9220075756588435,0.799721799400713
Pitch,inner,2.44140625,4.72192187430457,1.0218147139736118,-5.512416914547707,0.862257993844081
Pitch,inner,2.685546875,4.467551682503046,1.0271012822280543,-4.97341974705143,0.8827721946266047
Pitch,inner,2.9296875,2.523658435686917,1.0582465184289012,-5.062086565322521,0.8537327672838363
Pitch,inner,3.173828125,1.6397449337444248,1.0232748191515,-12.557262405066975,0.8050464954370026
Pitch,inner,3.41796875,1.9355552508859646,1.0372473009324452,-12.908427453744256,0.8262371034425453
Pitch,inner,3.662109375,1.7365443840300225,1.090699547256137,-12.09349157887966,0.8077568814023437
Pitch,inner,3.90625,1.5080786014146959,1.0585639207412783,-18.781136896373283,0.7639725220913428
Pitch,inner,4.150390625,1.428556790940632,0.9982192937295398,-26.77429814801379,0.7843892000028883
Pitch,inner,4.39453125,1.0482554192843496,0.9178325302632949,-23.39487246145907,0.6992148080032328
Pitch,inner,4.638671875,0.5172670345436993,0.8599825545439245,-6.427010635348531,0.465851849327541
Pitch,inner,4.8828125,0.432615526146617,1.0977471197015787,1.2624683839924433,0.541011335932099
Pitch,inner,5.126953125,0.4240599002973075,1.1053032998691679,-4.313603660531793,0.6102287846237877
Pitch,inner,5.37109375,0.27459246636541823,1.1095340671447074,-25.033738245751515,0.4981862292097223
Pitch,inner,5.615234375,0.21039241205168194,1.228317263923472,-20.98855509068838,0.5616991311761331
Pitch,inner,5.859375,0.18367166090740206,1.1714154553835483,-18.408623326567294,0.5338311373915908
Pitch,inner,6.103515625,0.12118629457687885,0.9923101920013656,-29.18511375472447,0.3192694370172964
Pitch,inner,6.34765625,0.09101293045524315,1.1745998908956985,-36.20029444648387,0.30349381099367356
Pitch,inner,6.591796875,0.0974974532308423,1.5757571128818262,-31.275615111150273,0.5196566702086233
Pitch,inner,6.8359375,0.10153301479590893,1.0838653214350156,-27.472123431994852,0.3092073925609923
Pitch,inner,7.080078125,0.08978115448416259,1.076866653669601,-23.55126156207895,0.32585520145863
Pitch,inner,7.32421875,0.06385436667344545,1.5890731366694786,-30.774008244871453,0.47183094904492207
Pitch,inner,7.568359375,0.06620551325612317,1.7214254801580193,-27.76257107130968,0.4996399345598572
Pitch,inner,7.8125,0.06648705020378777,1.3912498106535753,-26.12497006285957,0.39852907306616836
Pitch,inner,8.056640625,0.06298953168159203,1.0047351972040324,-32.33326961367193,0.2192170560981936
Pitch,inner,8.30078125,0.05795800899779681,1.1808308785671908,-22.252269317748535,0.29447082112954964
Pitch,inner,8.544921875,0.058822055357258436,1.4088158343442119,-25.794463979595502,0.3806743488822191
Pitch,inner,8.7890625,0.06049347956008808,1.5687303248491091,-17.942700963742237,0.4770165147281309
Pitch,inner,9.033203125,0.04448612718242136,1.4869191701515048,-21.499708284466337,0.3617370281425295
Pitch,inner,9.27734375,0.029255617676612923,1.4885411850434442,-24.584242076319065,0.33251176979832875
Pitch,inner,9.521484375,0.025021197951484046,1.5908901120721415,-55.30397819450082,0.3693725233955678
Pitch,inner,9.765625,0.023107163761824225,1.529451120445395,-61.723992907872805,0.35473642519287846
Pitch,inner,10.009765625,0.020092024560382327,1.4045603572094982,-44.802524088869916,0.300395827839175
Pitch,inner,10.25390625,0.021483236525758644,1.3761247922823931,-36.786477198703246,0.24987406709942228
Pitch,inner,10.498046875,0.0275568187957475,0.9396522199630231,-45.52647400521415,0.19367421757335734
Pitch,inner,10.7421875,0.021594276468067473,0.7788700920741459,-58.54081738612175,0.08613357536295085
Pitch,inner,10.986328125,0.013639459732120097,0.6614892366881786,-76.10024279094257,0.04516589347524737
Pitch,inner,11.23046875,0.011215976726294574,1.2874387461405705,-74.91924638342289,0.12172178068539695
Pitch,inner,11.474609375,0.011189017438453644,1.264761830186411,-73.44688626812633,0.12886010543679985
Pitch,inner,11.71875,0.01385032924068913,0.5614141047822764,-132.37358227217644,0.037305715052235636
Pitch,inner,11.962890625,0.013790103446380762,0.18876057331084017,-171.3111144444706,0.003999754901650635
Pitch,inner,12.20703125,0.010014925968298187,0.6712120661440137,-91.23340251517797,0.028820893658052977
Pitch,inner,12.451171875,0.010761760223338735,2.6989867475807614,-40.95703381841864,0.3188145187951586
Pitch,inner,12.6953125,0.011345150094005087,2.708411064727298,-52.15180660860136,0.3642181113933532
Pitch,inner,12.939453125,0.012012087581622775,2.1670714709152294,-84.52314389474945,0.37111592895108064
Pitch,inner,13.18359375,0.010197061312033708,1.9250787996691074,-105.8504934738215,0.2642405560475054
Pitch,inner,13.427734375,0.0068738425563157676,1.0176477865453495,-83.9047380844866,0.05495044660584112
Pitch,inner,13.671875,0.010569580444644655,1.1862443739119293,-58.88719613342069,0.11945740193585316
Pitch,inner,13.916015625,0.008781487991775675,1.1425871730776502,-53.802898409769426,0.11507351085925707
Pitch,inner,14.16015625,0.006527574375272483,0.9503909605134973,-26.44446146544764,0.07244279551020691
Pitch,inner,14.404296875,0.008326068259644841,1.2031023501553983,-75.28727147499043,0.14384441254336636
Pitch,inner,14.6484375,0.007365565299267472,2.1658846908775367,-65.76597766268948,0.31852765825791113
Pitch,inner,14.892578125,0.006206132953684757,2.197883733203563,-72.89396176380286,0.24613817271034572
Pitch,inner,15.13671875,0.00520429977120759,1.6900728776175773,-69.28962448891434,0.11762205797914924
Pitch,inner,15.380859375,0.0049875161750075675,1.1116789533062357,-87.80661685057339,0.050525516680755396
Pitch,inner,15.625,0.0054577640943612934,1.9238010035042163,-76.52148963262661,0.20013319094778245
Pitch,inner,15.869140625,0.004882896337114825,1.5653538995939325,-84.29563434255626,0.16366967247893136
Pitch,inner,16.11328125,0.0035898345687657976,1.2230974184446581,-107.52231452363044,0.07961093188007778
Pitch,inner,16.357421875,0.0035592365700630934,1.7852308187387829,-136.68015696944298,0.13917567485416002
Pitch,inner,16.6015625,0.0040058074514614265,1.3152627684133333,-119.14344043100728,0.07679577449680369
Pitch,inner,16.845703125,0.004262524818014597,1.306476708761636,-53.82333899893708,0.11934243907382093
Pitch,inner,17.08984375,0.004540460071744025,1.350145693572916,-40.122538429356155,0.12583511064363626
Pitch,inner,17.333984375,0.004377085614514316,1.5559225933115284,-83.68981263021116,0.1279564196407314
Pitch,inner,17.578125,0.003055931293412541,1.9489866757603054,-91.54428192830704,0.12437487289010764
Pitch,inner,17.822265625,0.002312985215243119,0.6582280771684565,-107.1525294626682,0.013539488565102096
Pitch,inner,18.06640625,0.00274490915576186,0.43900157924540106,95.84011042804788,0.0072111702994489425
Pitch,inner,18.310546875,0.002703125357192024,0.555822676478185,-91.17518124177666,0.010514902396619629
Pitch,inner,18.5546875,0.002804074821972124,1.5651110637861732,-112.39644389504758,0.08524422437937988
Pitch,inner,18.798828125,0.0028828950196099624,1.643502602713378,-109.2864421689345,0.10183786748708998
Pitch,inner,19.04296875,0.0025406493087602594,1.8882956212868829,-110.04165162886027,0.11518005180840415
Pitch,inner,19.287109375,0.002343437883328693,1.6381436737216897,-129.29194091503655,0.10778711524365184
Pitch,inner,19.53125,0.002280097302343452,1.2942827581997847,-128.3530114170609,0.07061136980541327
Pitch,inner,19.775390625,0.0021083471107338422,0.8911510872977111,-127.47422965254394,0.028226933890249026
Pitch,inner,20.01953125,0.0024366828738539487,0.9624380686015227,-94.84933888527976,0.026560422720498144
Pitch,inner,20.263671875,0.0024186191859483772,0.8040775709987507,-92.07962523890217,0.018970119058927773
Pitch,inner,20.5078125,0.002333114563478297,1.0238167359631103,-172.9213234894769,0.03400146004193839
Pitch,inner,20.751953125,0.0019218617899754266,1.4562935234014251,175.69578202923546,0.06202901476158011
Pitch,inner,20.99609375,0.0016536103402332982,1.4947406530309222,-158.003410906443,0.059550474657783715
Pitch,inner,21.240234375,0.0016400347008569945,1.0578812733022072,-119.66155123220415,0.026464778705845803
Pitch,inner,21.484375,0.0013937715342131512,0.7638127161832432,24.522127365888316,0.014279296467237074
Pitch,inner,21.728515625,0.001200872303225479,0.448039878190892,-9.904359082276791,0.0037845196824362807
Pitch,inner,21.97265625,0.0013697341078523486,2.180595175643967,-66.36191993383731,0.0763823471975181
Pitch,inner,22.216796875,0.0012388239003502022,3.107988170687507,-54.28174069893945,0.11474287867010168
Pitch,inner,22.4609375,0.0010422253519220396,1.3380905689860783,-7.165994556977779,0.018556818693433935
Pitch,inner,22.705078125,0.0009536099609090382,0.6178347029247118,-2.0223073818420754,0.003772552903909219
Pitch,inner,22.94921875,0.0009681753661295947,0.5847803260203492,-114.85943559278415,0.0035662754575726866
Pitch,inner,23.193359375,0.0008653208343367092,1.5122123249941457,-120.80024761733378,0.02298236098081042
Pitch,inner,23.4375,0.0008457214814748241,1.7887186074500665,-79.22249776647735,0.038693589001137674
Pitch,inner,23.681640625,0.0009616175860386797,1.6780722102849417,-150.75805653159523,0.041537931574918814
Pitch,inner,23.92578125,0.0009377169394159054,1.5363725920704225,-131.74118207060954,0.028697030384452912
Pitch,inner,24.169921875,0.0011095240021153255,0.9764736809041907,-121.98093649018814,0.020169520127333137
Pitch,inner,24.4140625,0.001085006863793504,1.4500564059893366,-149.16254804593305,0.04870122294807804
Pitch,inner,24.658203125,0.0009443351734053285,1.6519160512124398,-131.35538065485886,0.060570331303963235
Pitch,inner,24.90234375,0.0008962602962701164,0.33496751315244605,-44.47243311528033,0.002172186077466901
Pitch,inner,25.146484375,0.000752180166839253,0.7162627398617206,-109.82567918472523,0.008289718400143824
Pitch,inner,25.390625,0.0007922553705984474,0.05841629589976143,178.83077102712576,7.166974524202688e-05
Pitch,inner,25.634765625,0.000737775445872189,0.9894994675514145,-151.2535640154988,0.018582155684849014
Pitch,inner,25.87890625,0.0008965132894509687,1.3155120266515927,124.8499650058161,0.03199852985806759
Pitch,inner,26.123046875,0.0008380087817380053,1.5106983667093474,150.59559850710338,0.0332191362678092
Pitch,inner,26.3671875,0.0007653354646330994,0.7554483169348977,163.76141481423403,0.006090460536353697
Pitch,inner,26.611328125,0.0005564807662161594,2.237956022185392,-147.81751358784723,0.03627213886287775
Pitch,inner,26.85546875,0.0006282999907895718,0.4320108219325756,-101.4540170860987,0.0014107210631437083
Pitch,inner,27.099609375,0.0007326031109642189,2.0939392253582247,29.030851172034684,0.03529776312634821
Pitch,inner,27.34375,0.0007121373524554025,1.8506508801423607,-23.316150993612332,0.02937113066268127
Pitch,inner,27.587890625,0.0006337350448151417,3.8095629568806624,-78.98390843083007,0.09568351986667233
Pitch,inner,27.83203125,0.00043575285191772237,2.6968176566840913,-104.12803896368331,0.03475587249195475
Pitch,inner,28.076171875,0.0004876731530827114,0.9379149380690478,46.11273013004675,0.004875196493965804
Pitch,inner,28.3203125,0.0003968606131103725,1.0607822785901748,70.5019939542935,0.004866552222186621
Pitch,inner,28.564453125,0.0004729153728699326,2.4857121925109835,18.624789941152805,0.02694158256277784
Pitch,inner,28.80859375,0.0005507454097156475,1.6048495877098403,-112.43954617878097,0.013288907266681875
Pitch,inner,29.052734375,0.0004946648923040346,2.1617655141721968,-106.38131119244815,0.01811726307777913
Pitch,inner,29.296875,0.000500607657311141,0.2696555713403724,46.47639079270206,0.0002962600915886513
Pitch,inner,29.541015625,0.0006399725390743664,1.2510903252795624,-18.276826378804145,0.007365149644295379
Pitch,inner,29.78515625,0.0006148473888182835,1.5233818825522003,-125.48793856092695,0.011679567426412562
Pitch,rc_to_gyro,0.732421875,277.5742207208104,1.019716355381524,-4.200484479892993,0.9916966371894362
Pitch,rc_to_gyro,0.9765625,123.70047983671975,1.0219378678948696,-6.900653349229827,0.9824771870239039
Pitch,rc_to_gyro,1.220703125,70.5661127274469,0.9941852804247084,-9.771106359993256,0.9691624226992929
Pitch,rc_to_gyro,1.46484375,38.32618263718642,0.9762523950640942,-8.744058700835396,0.9534783593126723
Pitch,rc_to_gyro,1.708984375,21.66314494158519,1.0008541697396565,-6.66272795904121,0.9522128802444025
Pitch,rc_to_gyro,1.953125,10.57960707443866,1.058254373016114,-7.269690619060243,0.9306289447800142
Pitch,rc_to_gyro,2.197265625,4.650019182576942,1.00514529097002,-14.489995273192212,0.7987363740268169
Pitch,rc_to_gyro,2.44140625,4.824379662803146,1.0139178516129004,-19.96101944565316,0.8674034493994727
Pitch,rc_to_gyro,2.685546875,4.51828984887203,1.0239742777683403,-20.649506491450282,0.8873699128034963
Pitch,rc_to_gyro,2.9296875,2.574617554643631,1.048334220511268,-21.652640291631847,0.8547319339118779
Pitch,rc_to_gyro,3.173828125,1.7227793020174975,0.9981647216177552,-30.355760055611142,0.8048114937392902
Pitch,rc_to_gyro,3.41796875,2.0312803910759394,1.0135452631333335,-32.70690312681907,0.8279243708435751
Pitch,rc_to_gyro,3.662109375,1.833623199074948,1.0619101617689892,-33.114009795259975,0.80848163923291
Pitch,rc_to_gyro,3.90625,1.6202342547067863,1.0209541521634502,-41.160309808467744,0.7635014646613657
Pitch,rc_to_gyro,4.150390625,1.5431163541252286,0.9617481262348563,-50.74719634088165,0.7865087301330028
Pitch,rc_to_gyro,4.39453125,1.1168273260846653,0.8913473762717014,-48.56471825341289,0.7025813563110398
Pitch,rc_to_gyro,4.638671875,0.5496043232528494,0.8402209303189199,-33.47832092206424,0.47248809628899346
Pitch,rc_to_gyro,4.8828125,0.45034974402510963,1.0882352054904871,-27.370795366894363,0.5534713110122264
Pitch,rc_to_gyro,5.126953125,0.4493218492896711,1.0865753785576726,-33.381944803135916,0.624855802035463
Pitch,rc_to_gyro,5.37109375,0.2935128396564525,1.0910290562294531,-55.52450406333701,0.5148984161001091
Pitch,rc_to_gyro,5.615234375,0.22784474350258616,1.194383779190289,-54.03141316119131,0.5751476831378619
Pitch,rc_to_gyro,5.859375,0.20441372120668375,1.109135271643187,-52.991514289604815,0.5326217859201198
Pitch,rc_to_gyro,6.103515625,0.13926905252867625,0.9249377314544546,-66.09329280038403,0.31877815246942687
Pitch,rc_to_gyro,6.34765625,0.09935106869105707,1.1456500866355654,-74.50916815050056,0.3151689002701702
Pitch,rc_to_gyro,6.591796875,0.10611221217192368,1.533700000907546,-68.28441289879015,0.5357854142389458
Pitch,rc_to_gyro,6.8359375,0.11506476541113697,1.0297749089131054,-64.21222175576925,0.3163143629021608
Pitch,rc_to_gyro,7.080078125,0.10675349188140132,0.9859403535576193,-63.66981121767449,0.3247872624272055
Pitch,rc_to_gyro,7.32421875,0.0773008477527874,1.4225561075267235,-73.00849411535651,0.45775291291974624
Pitch,rc_to_gyro,7.568359375,0.08019125977346818,1.5281735019195546,-69.99950568796878,0.47693467436562736
Pitch,rc_to_gyro,7.8125,0.08115446045123924,1.26639311459226,-72.736524274402,0.4030530233966194
Pitch,rc_to_gyro,8.056640625,0.07853303448050208,0.9313554133322955,-80.45193334138673,0.23484752843489057
Pitch,rc_to_gyro,8.30078125,0.07650050803601034,1.031071607801626,-69.75388153281979,0.29634348373995306
Pitch,rc_to_gyro,8.544921875,0.07804965968606686,1.2410570945024424,-74.98678777906233,0.39197602684857374
Pitch,rc_to_gyro,8.7890625,0.07539896476515809,1.399888235340985,-69.02899668001862,0.47345681908926057
Pitch,rc_to_gyro,9.033203125,0.05543209485224681,1.2965714342154917,-72.91375112699878,0.34272661810904453
Pitch,rc_to_gyro,9.27734375,0.04057756798466621,1.2598087051063522,-76.09706281058469,0.3303476822418978
Pitch,rc_to_gyro,9.521484375,0.036106924855093384,1.373246927200099,-107.65269287452514,0.39715853166231335
Pitch,rc_to_gyro,9.765625,0.031798646079004865,1.312169383986795,-116.62173831909494,0.3593158448661746
Pitch,rc_to_gyro,10.009765625,0.03082732180978519,1.0369445664654116,-103.68571337858161,0.25120961597681324
Pitch,rc_to_gyro,10.25390625,0.03046694571726402,1.088406968452611,-90.79750103619226,0.22167534012380263
Pitch,rc_to_gyro,10.498046875,0.03573740660104054,0.8292403186846021,-102.71299417247994,0.19561055914046707
Pitch,rc_to_gyro,10.7421875,0.026731024903956485,0.7606976281062653,-112.9331733904554,0.10170527937936358
Pitch,rc_to_gyro,10.986328125,0.01763700820153385,0.5443660201082664,-128.81394899563878,0.03955257905605462
Pitch,rc_to_gyro,11.23046875,0.015690287038156173,0.8897727416415825,-126.5806567122376,0.08133306326136935
Pitch,rc_to_gyro,11.474609375,0.015304215993229281,0.9843474543460248,-137.16183130424912,0.10676206425237722
Pitch,rc_to_gyro,11.71875,0.020161462313134898,0.4645237531319249,157.72853681579863,0.037178041964290524
Pitch,rc_to_gyro,11.962890625,0.021399222043006236,0.26072533210520926,130.0706074260561,0.011841527381202411
Pitch,rc_to_gyro,12.20703125,0.015855197356595095,0.5357258828613013,-166.18385855871028,0.029066791829133184
Pitch,rc_to_gyro,12.451171875,0.016821306941255658,2.1213484904636744,-114.27296457828056,0.3078485053161831
Pitch,rc_to_gyro,12.6953125,0.020431540460901523,2.1162442299329363,-125.32115802861529,0.4004560132893136
Pitch,rc_to_gyro,12.939453125,0.02267787684600064,1.638043405461485,-154.22387833596144,0.4003112909108852
Pitch,rc_to_gyro,13.18359375,0.016634839009861156,1.5174853424628103,-174.23727442582702,0.2678520862397505
Pitch,rc_to_gyro,13.427734375,0.00984391295608849,1.1330179662360322,-163.77098183290883,0.0975479212957817
Pitch,rc_to_gyro,13.671875,0.020155429890162873,0.9979248035867676,-142.92653130633008,0.16121100493314142
Pitch,rc_to_gyro,13.916015625,0.016675621652560875,0.9252494874150605,-138.54774727457607,0.14329409782573196
Pitch,rc_to_gyro,14.16015625,0.012370257232701257,0.6461309591779564,-108.82963345787118,0.06345394242437272
Pitch,rc_to_gyro,14.404296875,0.014667650312957817,0.9716583855194262,-152.48029260877271,0.1652858338788704
Pitch,rc_to_gyro,14.6484375,0.013864009788796353,1.8582251788303747,-144.52304840034387,0.44132236692691496
Pitch,rc_to_gyro,14.892578125,0.011912512322623909,1.9137211024368288,-150.86505657431798,0.35818642462902994
Pitch,rc_to_gyro,15.13671875,0.009588265927253592,1.5300040702473674,-145.13138396863187,0.1775991357055215
Pitch,rc_to_gyro,15.380859375,0.009050710694796855,0.8631959097295542,-176.75379790554263,0.055280136866253785
Pitch,rc_to_gyro,15.625,0.009396118809322895,1.5389504751896819,-164.71177031949327,0.22048642401346566
Pitch,rc_to_gyro,15.869140625,0.008857174303585515,1.2321637221468495,-171.9395766353799,0.18394909575910984
Pitch,rc_to_gyro,16.11328125,0.0065575581699582955,1.0564602862942662,164.02744328342027,0.10849873555569804
Pitch,rc_to_gyro,16.357421875,0.006977450238766652,1.2490133475987804,128.83101905052007,0.13355145893350587
Pitch,rc_to_gyro,16.6015625,0.007745318821893997,0.9216377313091132,144.95923383012016,0.07290914297699344
Pitch,rc_to_gyro,16.845703125,0.009714226131167705,0.8911204684705493,-143.50707232253612,0.12653355004447395
Pitch,rc_to_gyro,17.08984375,0.01071413958961705,0.9488148110210499,-126.30040068761853,0.14664285741319294
Pitch,rc_to_gyro,17.333984375,0.01002610694857254,1.1767134173603773,-169.35414278414348,0.16763890203933882
Pitch,rc_to_gyro,17.578125,0.007551806263164407,1.3220031835195327,168.70775689592773,0.14141229346348
Pitch,rc_to_gyro,17.822265625,0.004995627244986129,0.941452898329128,125.0635518289741,0.05982239762386139
Pitch,rc_to_gyro,18.06640625,0.005855437751108294,0.3580499772481879,63.49457902186734,0.01023274803329419
Pitch,rc_to_gyro,18.310546875,0.006808797640331655,0.5708564964637183,167.74021298182328,0.02793771350455696
Pitch,rc_to_gyro,18.5546875,0.00745624927834012,1.1042611946433374,160.1388357481785,0.1128363639830925
Pitch,rc_to_gyro,18.798828125,0.007310675794679346,1.167219280804148,154.96957915655832,0.13025731048416622
Pitch,rc_to_gyro,19.04296875,0.0066939649960140275,1.2742053821756092,151.4590456790044,0.1381830843423819
Pitch,rc_to_gyro,19.287109375,0.0049373699655115635,1.0425654369981725,131.1564817868046,0.09198388360265612
Pitch,rc_to_gyro,19.53125,0.004595247095970896,0.7955761852862808,109.93174092320035,0.053769418850573444
Pitch,rc_to_gyro,19.775390625,0.005017314336393733,0.7074081339096695,112.44418580712819,0.042328250541939325
Pitch,rc_to_gyro,20.01953125,0.0058489998932971824,0.9962883758119323,160.31163090634507,0.06831909832817895
Pitch,rc_to_gyro,20.263671875,0.0059224437043199525,0.9080120390401157,173.63986651701276,0.05923669522939451
Pitch,rc_to_gyro,20.5078125,0.005345072499655279,0.7628678100767751,106.38111508356788,0.04324831908446105
Pitch,rc_to_gyro,20.751953125,0.00384780628503698,1.5308687256072926,85.96071090596546,0.13723471857276265
Pitch,rc_to_gyro,20.99609375,0.003389484043114524,0.862931926062564,120.30731112962555,0.04068244285227267
Pitch,rc_to_gyro,21.240234375,0.0039713013787541695,0.6381667932149447,167.08593865191395,0.023320755825285287
Pitch,rc_to_gyro,21.484375,0.003252572525230801,0.6862867927617178,-56.14862419387863,0.02690169985523418
Pitch,rc_to_gyro,21.728515625,0.0029497806868991412,0.49037101627310153,-110.92360354909185,0.011135761289374713
Pitch,rc_to_gyro,21.97265625,0.0033590567399079496,1.276544874017571,166.1874774877147,0.06419425273222057
Pitch,rc_to_gyro,22.216796875,0.003150962330181463,2.0983873049728405,-178.8673041174101,0.13303685296492826
Pitch,rc_to_gyro,22.4609375,0.002695394007146131,1.2571173481190425,-172.1544286199379,0.04235890937772629
Pitch,rc_to_gyro,22.705078125,0.0023314012910483073,0.4934512276735695,-153.62759084172134,0.005883360541257656
Pitch,rc_to_gyro,22.94921875,0.002070356460869908,0.392189520802531,159.07464274743913,0.003430144745127651
Pitch,rc_to_gyro,23.193359375,0.0023674318053278176,0.973142912957076,84.99676770925487,0.026038901628486634
Pitch,rc_to_gyro,23.4375,0.0023124015652913154,1.464636952238238,128.77647850994396,0.07093340888803122
Pitch,rc_to_gyro,23.681640625,0.00219129015882342,1.8858108507384437,96.7370786347113,0.11954112199110792
Pitch,rc_to_gyro,23.92578125,0.002438375433588405,1.7752140359012214,118.05437891429756,0.09962632590557717
Pitch,rc_to_gyro,24.169921875,0.0023791283459471944,0.4617746437842989,101.60865776029355,0.009671989468245337
Pitch,rc_to_gyro,24.4140625,0.002445955795939675,0.43026382975793,26.91807719115151,0.009666202077988266
Pitch,rc_to_gyro,24.658203125,0.002177340407972436,0.5887389308572544,103.92037992583388,0.017739022273779888
Pitch,rc_to_gyro,24.90234375,0.0017820660029320152,0.5761876844700755,-92.80041101998611,0.01277936332908447
Pitch,rc_to_gyro,25.146484375,0.0015665651091643427,0.20528720337523987,127.62979380589553,0.001418225817415279
Pitch,rc_to_gyro,25.390625,0.0018022992817190895,0.33502905454227344,58.79823339538365,0.005362835690489258
Pitch,rc_to_gyro,25.634765625,0.002028825021320204,0.9723912412674083,110.81277406073563,0.04934775914770381
Pitch,rc_to_gyro,25.87890625,0.0018789803666744403,0.9185312590690168,-22.486410316127202,0.032695935774206326
Pitch,rc_to_gyro,26.123046875,0.0018546550289229705,0.32881915982319754,-43.59478004807758,0.0034830653203885547
Pitch,rc_to_gyro,26.3671875,0.0014720873567515183,0.10023881324437617,155.58120969440424,0.00020625011263774491
Pitch,rc_to_gyro,26.611328125,0.0011705070459671382,1.525401208539562,65.43932680400506,0.035445582328970625
Pitch,rc_to_gyro,26.85546875,0.0016734004355070979,1.2178449350212284,-5.867465759685643,0.02985854985029471
Pitch,rc_to_gyro,27.099609375,0.0024399807240959074,1.1905870224819366,-51.9064956812859,0.038006595166923146
Pitch,rc_to_gyro,27.34375,0.002375556624801738,1.2840300430563698,-137.00232848498865,0.047165415088874174
Pitch,rc_to_gyro,27.587890625,0.0022587283191974985,2.0330983331174286,-165.63699299643096,0.09713145058350901
Pitch,rc_to_gyro,27.83203125,0.0017027002315961983,0.23648684087075564,-126.25780762835576,0.0010443280567181514
Pitch,rc_to_gyro,28.076171875,0.001275415521062046,0.6985091124245624,-35.36278029557124,0.0070718366564375005
Pitch,rc_to_gyro,28.3203125,0.00130253588098537,0.7024270609917987,-122.36220853979255,0.0070036275424000165
Pitch,rc_to_gyro,28.564453125,0.0016818750460835395,2.33415633133298,-162.26540958915453,0.08448733136518714
Pitch,rc_to_gyro,28.80859375,0.0019083772499504438,1.6850783704444465,147.08932199364426,0.05076614120502967
Pitch,rc_to_gyro,29.052734375,0.0018873953101185155,2.232369560362596,56.9363436438225,0.0737155973303193
Pitch,rc_to_gyro,29.296875,0.0017302269343710556,1.070225620161502,-9.173447418409895,0.0161291181865683
Pitch,rc_to_gyro,29.541015625,0.001462151209437311,1.3931086933552976,-104.42484914253775,0.02086436623422617
Pitch,rc_to_gyro,29.78515625,0.0013186523726580405,0.24145900865879608,-174.53435470792368,0.0006293018373379445
Yaw,inner,0.732421875,296.6134022771577,1.018300587225502,-1.3024115251100084,0.9978149043885284
Yaw,inner,0.9765625,185.39759568546657,1.0131644088217207,-0.9482453367534087,0.994918778463642
Yaw,inner,1.220703125,131.1116527147149,1.0232620815973477,-0.2794413625613097,0.9940629396254311
Yaw,inner,1.46484375,93.14980073542743,1.03468277913394,-0.3837309005431054,0.9943870784355464
Yaw,inner,1.708984375,55.75697309253112,1.0551600525262235,-2.500603857095401,0.9899045768896747
Yaw,inner,1.953125,32.25844268737046,1.0650416228504673,-5.687914643377916,0.9884866414103123
Yaw,inner,2.197265625,19.24793365311449,1.0242237638097476,-8.109496734828177,0.982929347605384
Yaw,inner,2.44140625,12.514479264844056,0.975530301368401,-7.2790360015447115,0.9732768501113847
Yaw,inner,2.685546875,8.56157758704047,0.9475725252489131,-3.0275981768627065,0.9648101259839809
Yaw,inner,2.9296875,6.467776830294198,0.9380034946636214,-2.3169906928172397,0.9597738061730204
Yaw,inner,3.173828125,4.227999991986279,0.9710373190509355,-3.9070769105325267,0.9464387373543127
Yaw,inner,3.41796875,2.119997367204909,1.0906447448149745,-5.377571698069994,0.9258912105090269
Yaw,inner,3.662109375,1.8086226755742267,1.1176451476328606,-8.32974637543267,0.9297145780152136
Yaw,inner,3.90625,1.755149158748972,1.0998045864209909,-11.862151218385518,0.9308851721460061
Yaw,inner,4.150390625,1.546257425221833,1.0721128226803796,-13.422342528693942,0.919237219555835
Yaw,inner,4.39453125,1.3361566305296912,1.0655410450868072,-14.488958263877588,0.9155356750500706
Yaw,inner,4.638671875,1.0471481712481816,1.1118553046807977,-16.585897394731393,0.9197148314799379
Yaw,inner,4.8828125,0.7382394956238401,1.170520705964323,-15.086931819552289,0.9045677480524652
Yaw,inner,5.126953125,0.4751760239922827,1.1461483169875784,-14.620435986062358,0.8457558242178593
Yaw,inner,5.37109375,0.35035817591963564,1.0737480345002786,-13.618472377203718,0.8068594591900448
Yaw,inner,5.615234375,0.3481568740771941,1.0631847269318697,-11.47224392004309,0.803901426628771
Yaw,inner,5.859375,0.373182414926358,1.0773860613603852,-9.199825385167818,0.8211850064933369
Yaw,inner,6.103515625,0.3924488188399496,1.1848589002785148,-12.415280291572143,0.8712746537258516
Yaw,inner,6.34765625,0.3186898712641454,1.1807667586473212,-18.179454206349398,0.835013543116841
Yaw,inner,6.591796875,0.22863194102953868,1.228080869127878,-21.61522327419648,0.7934145394676557
Yaw,inner,6.8359375,0.26264405778835004,0.9656111155026762,-22.378960512703078,0.7389160096674682
Yaw,inner,7.080078125,0.36795615328808323,0.9513000772123678,-21.98617554205079,0.8261702674787703
Yaw,inner,7.32421875,0.33725192385018093,1.012085713517267,-15.349323263621999,0.8117695401208496
Yaw,inner,7.568359375,0.16441721303297308,1.0162889800313826,-8.184953387620324,0.7320182142150266
Yaw,inner,7.8125,0.06553790540519186,1.205522023177442,-11.84153235461956,0.5826644376571626
Yaw,inner,8.056640625,0.05449959419141125,1.333646594053267,-22.24519253603453,0.6193217473717534
Yaw,inner,8.30078125,0.06010394681428752,1.2622099750648859,-29.099815048754756,0.6336047194981846
Yaw,inner,8.544921875,0.06691991810599786,1.171134955812585,-28.987079470359635,0.7167190374469172
Yaw,inner,8.7890625,0.062355071486511655,1.1289283565260475,-25.46949240650888,0.7020606411043969
Yaw,inner,9.033203125,0.0484860350983638,1.2186507490800325,-21.363774325238772,0.6916783859104304
Yaw,inner,9.27734375,0.04157714670067484,1.1657551657089682,-21.28152365495634,0.6456346168796374
Yaw,inner,9.521484375,0.0320200816885636,1.3103150972267594,-19.34937231994624,0.6914173896280099
Yaw,inner,9.765625,0.023653795700191736,1.2753988605081348,-17.282551579488885,0.547841073709529
Yaw,inner,10.009765625,0.02292343991543961,1.139778149388939,-13.525955415407818,0.5094459295068645
Yaw,inner,10.25390625,0.0231006454643459,0.9062043346743799,-22.628927207940187,0.38364683373833114
Yaw,inner,10.498046875,0.020153366636004286,1.064385895335152,-32.25277553986915,0.4264250744312782
Yaw,inner,10.7421875,0.018002712809138406,1.2076169312048397,-41.65822833880376,0.43590363282974925
Yaw,inner,10.986328125,0.016773346964677315,1.073583912830901,-41.37399376444628,0.38803164076612073
Yaw,inner,11.23046875,0.019025282408547207,1.220203823877694,-19.300412873954457,0.489942890769768
Yaw,inner,11.474609375,0.02342505869272233,1.3825720533413166,-12.361975307298742,0.6013030142285717
Yaw,inner,11.71875,0.01934196371065506,1.5759216669774354,-12.571566116134107,0.6219061676301758
Yaw,inner,11.962890625,0.014429717621692144,1.3953777065247481,-31.530783363599983,0.4637328015158985
Yaw,inner,12.20703125,0.0133115986614154,1.492193205845993,-50.10039514940312,0.5606318889312827
Yaw,inner,12.451171875,0.01374534476595513,1.369114008540244,-50.14134618129152,0.49606835106797914
Yaw,inner,12.6953125,0.017630312552654726,1.1937851254299057,-69.2718803817434,0.5026740618090734
Yaw,inner,12.939453125,0.017895508486876398,1.1043647284804976,-70.42719448576555,0.4527843130287781
Yaw,inner,13.18359375,0.01320435418106588,1.010970578740968,-47.62179198286915,0.33746748650074304
Yaw,inner,13.427734375,0.009768105732233268,1.2283524459652069,-61.44140121741082,0.3530556954890662
Yaw,inner,13.671875,0.00965085327719735,1.4357109191986592,-67.97428916780024,0.4221919196464621
Yaw,inner,13.916015625,0.010723246715565482,1.1811416842938185,-67.02716613677612,0.36537157618742244
Yaw,inner,14.16015625,0.010785692163781828,1.1728267118335338,-62.58328848334514,0.4606893804499054
Yaw,inner,14.404296875,0.012937387699467595,1.2463861293561491,-59.63869699605274,0.6087753253685524
Yaw,inner,14.6484375,0.015848528737796724,1.240903546232495,-58.12019261182087,0.6261452072770763
Yaw,inner,14.892578125,0.01905801032538264,1.133222276158663,-62.97067323872272,0.5664080593688116
Yaw,inner,15.13671875,0.01853459627718497,1.1788913444797835,-69.95713854410523,0.5754783736717134
Yaw,inner,15.380859375,0.013471623813266522,1.0518263869060527,-65.70399789132354,0.39605106004473006
Yaw,inner,15.625,0.010467332981158487,0.7424141960119328,-63.93003470199413,0.23032715861669723
Yaw,inner,15.869140625,0.010231743665507121,0.6731157353341756,-37.84432952468868,0.21519639431423496
Yaw,inner,16.11328125,0.011031313888654755,1.0076305224943611,-29.12097760763504,0.4460846129825795
Yaw,inner,16.357421875,0.010510415006884044,1.0472042893446016,-37.40175288261796,0.4421620222910951
Yaw,inner,16.6015625,0.009210719259440435,0.8394741246407552,-50.980870828315915,0.29000877839731015
Yaw,inner,16.845703125,0.0068055266588460195,0.8067267379400965,-52.665890346660504,0.23371476422349166
Yaw,inner,17.08984375,0.005129369957090497,0.9011039357021249,-52.86006936119623,0.2327674378293573
Yaw,inner,17.333984375,0.0038916879639126533,1.0380115758077721,-59.92923495281113,0.24413831025783142
Yaw,inner,17.578125,0.0037157080555676875,1.178362140323424,-69.92347682491953,0.3449876487064197
Yaw,inner,17.822265625,0.003853718538875067,1.066219872172737,-77.83953926005358,0.25530378027780726
Yaw,inner,18.06640625,0.0030165378610186675,1.3634381029186906,-64.66881144153496,0.27080141758454995
Yaw,inner,18.310546875,0.0020996928038770034,2.001414776456389,-63.08419298942666,0.3578946351417244
Yaw,inner,18.5546875,0.0016469684412049445,1.2016878650021585,-92.81636128169744,0.103638272580652
Yaw,inner,18.798828125,0.0026035611824692575,0.2982595785693864,-134.2012762244379,0.011302685939468638
Yaw,inner,19.04296875,0.0034630930871870766,0.16464424334373035,-2.116740581489073,0.004930593730932711
Yaw,inner,19.287109375,0.002803603041888047,0.29992453540383657,-0.026407928611505246,0.013929126308051721
Yaw,inner,19.53125,0.0019287235030793013,0.6303146547774228,-39.02949922949386,0.03604377302896725
Yaw,inner,19.775390625,0.0019102008584048846,1.2083436152233062,-69.75825526585251,0.1242735593633249
Yaw,inner,20.01953125,0.002234221416887097,1.2565278983617447,-92.51283723910564,0.1727945248850555
Yaw,inner,20.263671875,0.0024903535811048776,0.9484221034496382,-100.43964173633174,0.11585954767974739
Yaw,inner,20.5078125,0.002611619040084792,0.6234687950917052,-83.45132752964128,0.07231011959131081
Yaw,inner,20.751953125,0.0016653901502563817,0.9068411522590144,-76.83872652833936,0.08189055996662174
Yaw,inner,20.99609375,0.0014039997163460102,1.088896529085596,-80.4774090219296,0.09369032209312031
Yaw,inner,21.240234375,0.0014764170473781932,0.7064612620910478,-73.66442152775817,0.03958541327639947
Yaw,inner,21.484375,0.0015068467808802106,1.0078874925163737,-129.83306672715813,0.06921274134409759
Yaw,inner,21.728515625,0.0016389114262995498,1.831507867979155,-156.51979635305693,0.20088596945382556
Yaw,inner,21.97265625,0.0013595137481220924,1.627165540993639,-179.37699588306702,0.125511006431765
Yaw,inner,22.216796875,0.001247953068836299,0.5404889491906815,127.58303213967139,0.016344246833327886
Yaw,inner,22.4609375,0.001192018907521977,0.7661566424820258,50.848383328233915,0.029702835418173507
Yaw,inner,22.705078125,0.0010396538135556633,1.3219980767233488,-13.463287419608786,0.07085011608528806
Yaw,inner,22.94921875,0.0011338387876301999,1.9581588992106347,-50.757427969158734,0.18110490562734413
Yaw,inner,23.193359375,0.0011593518732656415,1.4250110055420129,-81.25484436201747,0.08852758763507566
Yaw,inner,23.4375,0.0010090757875049615,1.1300931603660533,-108.7021639911296,0.05993858867706408
Yaw,inner,23.681640625,0.0011549254973251652,0.4440768002420131,-137.73128044268842,0.013930938337859623
Yaw,inner,23.92578125,0.0011695360238379439,1.0269501908639707,-88.85751570578329,0.07626625802834067
Yaw,inner,24.169921875,0.0010750901955040313,0.8791271634720093,-85.34367229528719,0.06273012337707473
Yaw,inner,24.4140625,0.0009916748696001223,0.6534958930453848,-171.52009495377152,0.03503781024136249
Yaw,inner,24.658203125,0.0012416156867016642,0.41580259352547927,151.78277282563562,0.016915306417508186
Yaw,inner,24.90234375,0.0010919339163801018,0.7907412614352127,-111.94576631398803,0.044661667419105905
Yaw,inner,25.146484375,0.0008952217337155091,0.45732916935781426,-161.07663758128086,0.013971968352866803
Yaw,inner,25.390625,0.001062334964512103,0.06753583302627976,-10.07457827716764,0.0003837437302420814
Yaw,inner,25.634765625,0.0011218038232076748,1.0303585765923657,-18.560341617576395,0.07922389467624838
Yaw,inner,25.87890625,0.0008403659583212243,0.9999379264048448,-10.126005251694899,0.04463555694841775
Yaw,inner,26.123046875,0.0006904336278428697,0.4283600406903753,-85.87457346671678,0.006270835316582165
Yaw,inner,26.3671875,0.0006110390299923084,0.7026603226214213,-91.22874501243588,0.020175772730268923
Yaw,inner,26.611328125,0.0008371247991382666,0.11916074822584485,-83.59783808015999,0.0007124651965206164
Yaw,inner,26.85546875,0.001109078064821621,0.21809028365421798,-84.6945805384623,0.0030075130814460863
Yaw,inner,27.099609375,0.0009693323780798847,0.511261732044274,-68.42530991743422,0.013727717548631137
Yaw,inner,27.34375,0.0007221940316436125,0.8162258674669687,-47.73538313098998,0.028904876593252204
Yaw,inner,27.587890625,0.0006941126929278535,0.6926475516960977,-19.223625793002206,0.023831383033739346
Yaw,inner,27.83203125,0.0006130887603349076,0.5207621026829021,61.580383501865256,0.013793398842867455
Yaw,inner,28.076171875,0.0006120592144271687,0.42328414016586974,28.129596483390028,0.00878716962875775
Yaw,inner,28.3203125,0.0006682367525407988,0.27205978190868546,147.88744747876572,0.0044092121134913015
Yaw,inner,28.564453125,0.0005532519219946555,0.6180202943176637,172.78310514130038,0.018104428615938688
Yaw,inner,28.80859375,0.000574222413443524,0.29584495447115394,-119.01866277018043,0.0030366261191246235
Yaw,inner,29.052734375,0.0006191167546382235,0.784671154457648,-49.85779064627261,0.020874198751150642
Yaw,inner,29.296875,0.00047322609543020826,0.668275538327528,27.844679115769605,0.012597858897363062
Yaw,inner,29.541015625,0.00045186942624933783,0.15928325677292762,9.574552828627967,0.0006979920757185159
Yaw,inner,29.78515625,0.0005410176491724985,0.5459577937909129,149.1545190573751,0.009650131857581908
Yaw,rc_to_gyro,0.732421875,295.90118204573366,1.0194946321261347,-5.283517000202021,0.9977547748707121
Yaw,rc_to_gyro,0.9765625,186.25384358893913,1.010903738249428,-6.523091871493239,0.9950583048441457
Yaw,rc_to_gyro,1.220703125,131.42832724348727,1.0221218736859283,-7.398675618267915,0.9942444472025568
Yaw,rc_to_gyro,1.46484375,93.43791428438955,1.0330471915477004,-8.731431657436625,0.9943117200424848
Yaw,rc_to_gyro,1.708984375,55.91706196087259,1.0535890692572454,-12.385621900866484,0.9897928641491641
Yaw,rc_to_gyro,1.953125,32.40313307143202,1.062912239272845,-16.9881765431221,0.9889539415509199
Yaw,rc_to_gyro,2.197265625,19.41772565098499,1.019845830502794,-20.870575095291166,0.9831412157033961
Yaw,rc_to_gyro,2.44140625,12.701644722294848,0.9688272151429718,-21.573364945481874,0.9743044899179608
Yaw,rc_to_gyro,2.685546875,8.72457253968923,0.9387708108472894,-18.661240543883086,0.9649980805703038
Yaw,rc_to_gyro,2.9296875,6.657353343324836,0.9237887105567247,-19.42537040947677,0.958190505358819
Yaw,rc_to_gyro,3.173828125,4.381578037659531,0.9534100102413896,-22.369197620589524,0.9455307416075152
Yaw,rc_to_gyro,3.41796875,2.1763416326420417,1.0783289842512307,-25.3126321635848,0.9291538805504048
Yaw,rc_to_gyro,3.662109375,1.8622620019804332,1.1031261518066335,-30.11477965481576,0.9325775112798604
Yaw,rc_to_gyro,3.90625,1.8374337866561994,1.0743396856451373,-34.95804879704383,0.9299208059897822
Yaw,rc_to_gyro,4.150390625,1.6390424141771258,1.0414728527958894,-37.45720251729959,0.9194982815668877
Yaw,rc_to_gyro,4.39453125,1.4418647041252892,1.0232393771897952,-39.57166435914706,0.9110800429971678
Yaw,rc_to_gyro,4.638671875,1.1351613374526133,1.0655222438390979,-43.00020349427827,0.9156534552095826
Yaw,rc_to_gyro,4.8828125,0.8012359827669819,1.1221075291095202,-43.269612614128086,0.9022253377421747
Yaw,rc_to_gyro,5.126953125,0.51743180710963,1.0965902157269438,-44.59265295588365,0.8430448715849731
Yaw,rc_to_gyro,5.37109375,0.3854623860540482,1.021388277147104,-45.352270526149795,0.8032386875644102
Yaw,rc_to_gyro,5.615234375,0.3920085305540634,1.00217907478056,-44.28293898803298,0.8042601409089812
Yaw,rc_to_gyro,5.859375,0.4220539625188435,1.009905402267391,-42.87498121573228,0.8160307195951613
Yaw,rc_to_gyro,6.103515625,0.44217736835728016,1.1160629424587019,-47.42396973777824,0.8709890004011871
Yaw,rc_to_gyro,6.34765625,0.3638029619427373,1.1061065244809785,-54.95170188483507,0.8364830803477679
Yaw,rc_to_gyro,6.591796875,0.2705710392730603,1.1309639822042066,-60.59482210385281,0.7963210157775968
Yaw,rc_to_gyro,6.8359375,0.30263980425279213,0.9022380803608182,-62.76112949204281,0.7433465629455583
Yaw,rc_to_gyro,7.080078125,0.4393469854010863,0.8753962081051934,-63.673818584074496,0.8353248480510201
Yaw,rc_to_gyro,7.32421875,0.42139046712824885,0.9073338591548397,-58.18051376319364,0.8151971804782878
Yaw,rc_to_gyro,7.568359375,0.2100411219635893,0.8910877405052896,-52.8520473521819,0.7189280674898857
Yaw,rc_to_gyro,7.8125,0.08475499852870123,1.0674255024778458,-57.67168133979015,0.5907668633213422
Yaw,rc_to_gyro,8.056640625,0.0680407392547879,1.172101816905643,-68.76847194923033,0.5972294889893451
Yaw,rc_to_gyro,8.30078125,0.07441185764896179,1.1266699033903964,-77.66182205553855,0.6250110979771291
Yaw,rc_to_gyro,8.544921875,0.08517510262856633,1.0535416237329411,-79.56985258862602,0.7382368408056841
Yaw,rc_to_gyro,8.7890625,0.08455355794982579,0.9688881568914173,-76.70801933501039,0.7012118763428193
Yaw,rc_to_gyro,9.033203125,0.06854878670388914,1.0253114058666142,-74.61347658378651,0.6922139753606774
Yaw,rc_to_gyro,9.27734375,0.057776639378921316,1.0166670398059023,-76.62746141818437,0.6823814212047454
Yaw,rc_to_gyro,9.521484375,0.043088786235421936,1.1409699269823248,-75.61673074414016,0.7054707774893272
Yaw,rc_to_gyro,9.765625,0.03111455344572546,1.1115168907105202,-75.6507390649483,0.5473402734532599
Yaw,rc_to_gyro,10.009765625,0.028702490310162504,1.043000124487224,-75.399245325843,0.5341533462808601
Yaw,rc_to_gyro,10.25390625,0.02993306412326001,0.7949022795559455,-84.48231331391783,0.3825021616703359
Yaw,rc_to_gyro,10.498046875,0.027699987789021753,0.906832032159441,-93.43219360582867,0.4254320346185826
Yaw,rc_to_gyro,10.7421875,0.024728342131558338,1.0327076476944126,-102.8577634339193,0.43786873404016774
Yaw,rc_to_gyro,10.986328125,0.025182096302212565,0.8965509145791858,-102.33841572801825,0.40627230250539914
Yaw,rc_to_gyro,11.23046875,0.029537353524307544,0.9873236463184116,-84.22393376484565,0.4980124990811668
Yaw,rc_to_gyro,11.474609375,0.03370862188770258,1.2042281007073206,-79.60301813993823,0.6564409378561796
Yaw,rc_to_gyro,11.71875,0.028404464344267504,1.3435479210030035,-80.40016651960988,0.6638163924292894
Yaw,rc_to_gyro,11.962890625,0.021299046597858282,1.1571504962274302,-101.68338569369067,0.47072393241601546
Yaw,rc_to_gyro,12.20703125,0.019523450526200976,1.204249681838013,-121.80897820156427,0.5355340903304833
Yaw,rc_to_gyro,12.451171875,0.022037611358019304,1.0790929417347843,-122.81470594691362,0.4940704479515093
Yaw,rc_to_gyro,12.6953125,0.03048756772282962,0.9172876904456752,-140.99005214693184,0.5132252878386818
Yaw,rc_to_gyro,12.939453125,0.03155560013758793,0.841669468320433,-141.01701744171208,0.46374780262021115
Yaw,rc_to_gyro,13.18359375,0.02080380745607617,0.8039094321865178,-120.82844508897968,0.33619775736124374
Yaw,rc_to_gyro,13.427734375,0.015464150062501309,0.9986514966390849,-137.35671836679293,0.3694373921619088
Yaw,rc_to_gyro,13.671875,0.016427492680383845,1.1005942768057442,-138.2436575209055,0.42231448715644665
Yaw,rc_to_gyro,13.916015625,0.01791802671386095,0.9567482256932163,-136.80215085996983,0.4005806601164844
Yaw,rc_to_gyro,14.16015625,0.018680966880408215,0.92839936082109,-136.5960609289131,0.4999902079542313
Yaw,rc_to_gyro,14.404296875,0.023219834325010107,0.9476727578420452,-139.1049164816208,0.631656753024508
Yaw,rc_to_gyro,14.6484375,0.03032395625054998,0.9169702267117088,-140.57631523137874,0.654193746661542
Yaw,rc_to_gyro,14.892578125,0.03739380023350685,0.8278649190098418,-143.94904442183113,0.5931167967713973
Yaw,rc_to_gyro,15.13671875,0.034436426847517305,0.8752568720270631,-150.917628022667,0.5893692319662245
Yaw,rc_to_gyro,15.380859375,0.026479543789323254,0.7642145679952288,-149.75184821255453,0.41094550345856146
Yaw,rc_to_gyro,15.625,0.02120120157979172,0.5167695489623382,-146.9277180543954,0.22603249525909586
Yaw,rc_to_gyro,15.869140625,0.02094020033635362,0.4829328268685531,-117.3066124308303,0.2267044992381158
Yaw,rc_to_gyro,16.11328125,0.0246554987229293,0.6894916674056942,-113.80959910723128,0.46683048415944195
Yaw,rc_to_gyro,16.357421875,0.02298983861890652,0.7212799550328501,-122.61773498604806,0.45882005964231576
Yaw,rc_to_gyro,16.6015625,0.017709156311230653,0.6119077753112394,-136.6427752904475,0.29625984049050547
Yaw,rc_to_gyro,16.845703125,0.01357541286767861,0.6249801636591672,-140.27118523769042,0.27980599789864974
Yaw,rc_to_gyro,17.08984375,0.010801757207344054,0.7127879768948086,-145.1216474939403,0.30670691784442927
Yaw,rc_to_gyro,17.333984375,0.009611829608004314,0.7545526818128875,-154.9923999397983,0.3186241772274045
Yaw,rc_to_gyro,17.578125,0.009407784003556758,0.7400169017723184,-160.69206147275438,0.34448872904609346
Yaw,rc_to_gyro,17.822265625,0.00852261640501864,0.8349152920221353,-168.73193379103228,0.3462114928728165
Yaw,rc_to_gyro,18.06640625,0.006422087880491777,1.1434928224839798,-161.1242401441165,0.40552200880738526
Yaw,rc_to_gyro,18.310546875,0.0042566021915884725,1.5026321750758334,-158.7412121603102,0.40897207686636095
Yaw,rc_to_gyro,18.5546875,0.003354575042205458,0.8717797872043689,178.55291940025216,0.11109707873346106
Yaw,rc_to_gyro,18.798828125,0.006186168242477314,0.07349101142886583,101.25115072598598,0.0016304791468813732
Yaw,rc_to_gyro,19.04296875,0.009759215976036777,0.11337544174146828,-142.07569762389312,0.006588626160007227
Yaw,rc_to_gyro,19.287109375,0.007844758295076299,0.26583540230206354,-122.87561077279653,0.030618828181317077
Yaw,rc_to_gyro,19.53125,0.005573098606450814,0.5006916765625095,-152.4552916839768,0.06571778771598726
Yaw,rc_to_gyro,19.775390625,0.004112328159547312,0.9188865492887005,-171.94853588053158,0.15471426213529102
Yaw,rc_to_gyro,20.01953125,0.005166003732640237,0.9337781731400155,164.8224342100391,0.2206488395500063
Yaw,rc_to_gyro,20.263671875,0.006392184313024231,0.7000996338123475,152.51794668249508,0.16204531231047634
Yaw,rc_to_gyro,20.5078125,0.00695511811662535,0.4661827391869456,155.08355679314909,0.10766553400825363
Yaw,rc_to_gyro,20.751953125,0.00508872011475325,0.7196915205184173,-176.77892590990695,0.15760019313453083
Yaw,rc_to_gyro,20.99609375,0.0034434779133531803,1.0146451833949408,174.7710256935711,0.19951712720762543
Yaw,rc_to_gyro,21.240234375,0.0034614116016539833,0.5811159231829318,168.78563595847112,0.06279545665149992
Yaw,rc_to_gyro,21.484375,0.004358968355346872,0.9195623797229644,121.3168155858805,0.16666290667485967
Yaw,rc_to_gyro,21.728515625,0.004659847571472773,1.2707265886904686,90.67698315283758,0.27494921864885447
Yaw,rc_to_gyro,21.97265625,0.004365925425524417,0.9686734576872108,60.1704671625274,0.14284526347786197
Yaw,rc_to_gyro,22.216796875,0.0037434933091589915,0.5345077349107766,26.402328399034086,0.0479488362830788
Yaw,rc_to_gyro,22.4609375,0.0027151287720728863,0.23089899551481494,-155.55603640040385,0.006144890402876145
Yaw,rc_to_gyro,22.705078125,0.0031067965762113605,0.9010514576592112,179.80845437968026,0.09835629788255633
Yaw,rc_to_gyro,22.94921875,0.004075856639701111,1.1163963987550785,175.8636262884027,0.2116112716645097
Yaw,rc_to_gyro,23.193359375,0.003889291570299511,0.7123581065040456,160.67099321831154,0.07421542331111143
Yaw,rc_to_gyro,23.4375,0.003161612790820227,0.6755137203811962,130.49441849130298,0.0671013508230181
Yaw,rc_to_gyro,23.681640625,0.0029762921101135357,0.40302601975344066,113.42975741009118,0.029570042895695408
Yaw,rc_to_gyro,23.92578125,0.0028163893356819227,0.597122498450874,151.0875388291674,0.06209257006900103
Yaw,rc_to_gyro,24.169921875,0.002890275368222427,0.4233971755040065,143.51991912443617,0.03911676912830906
Yaw,rc_to_gyro,24.4140625,0.0031554896733632038,0.28121899518994087,96.90914761297859,0.020646098306197076
Yaw,rc_to_gyro,24.658203125,0.0031248538942724455,0.4085429624680092,63.389152926106135,0.04109826371600342
Yaw,rc_to_gyro,24.90234375,0.002457080908092821,0.7639811204632068,109.99799113409296,0.09381115548959772
Yaw,rc_to_gyro,25.146484375,0.0019960690216540428,0.3355716766526759,111.56758749766938,0.016773176672804223
Yaw,rc_to_gyro,25.390625,0.0031076210799138595,0.35065338151368924,-140.2231987961598,0.030261845980484318
Yaw,rc_to_gyro,25.634765625,0.004409412929086918,0.6108076153877189,-149.34154119695458,0.10943396865019178
Yaw,rc_to_gyro,25.87890625,0.0034955691657002947,0.31529814169997344,-138.9468800416696,0.018459806598476243
Yaw,rc_to_gyro,26.123046875,0.0018466016616313662,0.34501574270705326,-178.39925599994467,0.0108801931054143
Yaw,rc_to_gyro,26.3671875,0.001397439884699731,0.6187365855574747,153.65771982129203,0.035777920209587186
Yaw,rc_to_gyro,26.611328125,0.002346578632328671,0.4268641636676916,-176.2467316362706,0.025628400813789046
Yaw,rc_to_gyro,26.85546875,0.003040379442592393,0.0892372294838921,179.0083302806124,0.001380361121330267
Yaw,rc_to_gyro,27.099609375,0.0027028290772767626,0.27401092901621943,72.5981469572821,0.010994953428752353
Yaw,rc_to_gyro,27.34375,0.0020422302259805207,0.6880526480123682,131.58294504969442,0.05808240050468151
Yaw,rc_to_gyro,27.587890625,0.0019387572241341068,0.3202802217267403,177.51158235239052,0.014232405992725291
Yaw,rc_to_gyro,27.83203125,0.0019974537846039744,0.2503886239399707,68.73983379295436,0.010389032926817626
Yaw,rc_to_gyro,28.076171875,0.0017807159605156139,0.3596132133696139,132.17331138453812,0.01845259753795869
Yaw,rc_to_gyro,28.3203125,0.001758300791341918,0.29927914230008035,122.41652993844069,0.014039382793931547
Yaw,rc_to_gyro,28.564453125,0.0014285823268895366,0.4355589602129881,17.762135894465594,0.02321964610657552
Yaw,rc_to_gyro,28.80859375,0.0012410259320995993,1.0135552193535136,86.56526204091291,0.07702975817895201
Yaw,rc_to_gyro,29.052734375,0.0011917730811056315,0.7329422357951868,156.5545942191975,0.03505863078536403
Yaw,rc_to_gyro,29.296875,0.0014564151454866771,0.27433452474021996,-144.18751455050906,0.006533758008397016
Yaw,rc_to_gyro,29.541015625,0.0013310965746695907,0.2851312480185552,161.01239325029718,0.006588650588281748
Yaw,rc_to_gyro,29.78515625,0.001085461845218425,0.3358183299354301,-142.10744450815653,0.0073253272592555
