axis,start_s,end_s,stage,method,lag_ms,correlation,input_std_deg_s
Roll,3,7,inner,bandpassed_level,-0.4912771595576989,0.9568473517004559,15.082891070254625
Roll,3,7,inner,bandpassed_derivative,5.059192870497503,0.6503784937447645,15.082891070254625
Roll,3,7,smoothing,bandpassed_level,16.255779808013607,0.9997348028598522,15.082891070254625
Roll,3,7,smoothing,bandpassed_derivative,16.30377293096952,0.9950215645154912,15.082891070254625
Roll,3,7,rc_to_gyro,bandpassed_level,15.917279512288246,0.9579446184417657,15.082891070254625
Roll,3,7,rc_to_gyro,bandpassed_derivative,22.85865383881375,0.6522750027301726,15.082891070254625
Roll,4,8,inner,bandpassed_level,2.8327434415689283,0.9979083363143081,17.601999768580484
Roll,4,8,inner,bandpassed_derivative,9.796954098250154,0.9486103874972892,17.601999768580484
Roll,4,8,smoothing,bandpassed_level,16.24596341765631,0.9998377222553435,17.601999768580484
Roll,4,8,smoothing,bandpassed_derivative,15.726358439330953,0.9954342540772186,17.601999768580484
Roll,4,8,rc_to_gyro,bandpassed_level,19.249933549681742,0.9979519348911405,17.601999768580484
Roll,4,8,rc_to_gyro,bandpassed_derivative,25.90611297537656,0.9471992281303261,17.601999768580484
Roll,5,9,inner,bandpassed_level,4.2283559252556255,0.9981245568647374,16.69701218772634
Roll,5,9,inner,bandpassed_derivative,13.042654941357103,0.9403450233334909,16.69701218772634
Roll,5,9,smoothing,bandpassed_level,16.309444339655347,0.9998376107499908,16.69701218772634
Roll,5,9,smoothing,bandpassed_derivative,15.699963119817747,0.9910716691421673,16.69701218772634
Roll,5,9,rc_to_gyro,bandpassed_level,20.869311407754065,0.9981863034446349,16.69701218772634
Roll,5,9,rc_to_gyro,bandpassed_derivative,28.907182822049116,0.9420065141525955,16.69701218772634
Roll,6,10,inner,bandpassed_level,4.669782188272591,0.9979860730841916,20.798616600814487
Roll,6,10,inner,bandpassed_derivative,13.309829592016472,0.9303557582157163,20.798616600814487
Roll,6,10,smoothing,bandpassed_level,16.18720570068042,0.9998327581928477,20.798616600814487
Roll,6,10,smoothing,bandpassed_derivative,15.65510327846694,0.9905128322089914,20.798616600814487
Roll,6,10,rc_to_gyro,bandpassed_level,21.199111003349046,0.9981311322243203,20.798616600814487
Roll,6,10,rc_to_gyro,bandpassed_derivative,28.962509970132764,0.9330025291516966,20.798616600814487
Roll,7,11,inner,bandpassed_level,4.64536950272822,0.9986614264246566,19.834956027974158
Roll,7,11,inner,bandpassed_derivative,13.315654014523519,0.9591866410223755,19.834956027974158
Roll,7,11,smoothing,bandpassed_level,16.231546114270078,0.999877917056616,19.834956027974158
Roll,7,11,smoothing,bandpassed_derivative,15.625264389552648,0.9917230764390165,19.834956027974158
Roll,7,11,rc_to_gyro,bandpassed_level,21.246531314525935,0.998670622747902,19.834956027974158
Roll,7,11,rc_to_gyro,bandpassed_derivative,28.899801890627334,0.9610310237669839,19.834956027974158
Roll,8,12,inner,bandpassed_level,5.6810174276143846,0.9982906871681984,16.514672709594215
Roll,8,12,inner,bandpassed_derivative,11.753857220040349,0.9257714995900593,16.514672709594215
Roll,8,12,smoothing,bandpassed_level,16.356990040389867,0.9998305821628948,16.514672709594215
Roll,8,12,smoothing,bandpassed_derivative,15.959222515527626,0.9850857992176718,16.514672709594215
Roll,8,12,rc_to_gyro,bandpassed_level,22.373714415389482,0.998487089691305,16.514672709594215
Roll,8,12,rc_to_gyro,bandpassed_derivative,27.798059349306943,0.9422106315296946,16.514672709594215
Roll,9,13,inner,bandpassed_level,4.567023912875924,0.9979210975199594,14.949790285390476
Roll,9,13,inner,bandpassed_derivative,11.45243923822953,0.944246135952344,14.949790285390476
Roll,9,13,smoothing,bandpassed_level,16.335435139343573,0.9998409866278114,14.949790285390476
Roll,9,13,smoothing,bandpassed_derivative,15.947139646014096,0.9893809739507561,14.949790285390476
Roll,9,13,rc_to_gyro,bandpassed_level,21.222592122471173,0.9980905461031677,14.949790285390476
Roll,9,13,rc_to_gyro,bandpassed_derivative,27.63171917621694,0.9533149673223821,14.949790285390476
Roll,10,14,inner,bandpassed_level,3.5321238204344603,0.9986564477497843,19.78656280679479
Roll,10,14,inner,bandpassed_derivative,8.453281539255597,0.9853626402671416,19.78656280679479
Roll,10,14,smoothing,bandpassed_level,16.274876313393605,0.9999082154116542,19.78656280679479
Roll,10,14,smoothing,bandpassed_derivative,16.084687695615838,0.9978189313433024,19.78656280679479
Roll,10,14,rc_to_gyro,bandpassed_level,19.950224779805165,0.9988388403987879,19.78656280679479
Roll,10,14,rc_to_gyro,bandpassed_derivative,24.90394063898908,0.9875115267236849,19.78656280679479
Roll,11,15,inner,bandpassed_level,2.153940094331287,0.9988436855200346,23.46452824535023
Roll,11,15,inner,bandpassed_derivative,5.604881363685756,0.9886547054577673,23.46452824535023
Roll,11,15,smoothing,bandpassed_level,16.268937615973066,0.9999146568030209,23.46452824535023
Roll,11,15,smoothing,bandpassed_derivative,16.060487535193047,0.9983165795416129,23.46452824535023
Roll,11,15,rc_to_gyro,bandpassed_level,18.533616259480496,0.9988891899914594,23.46452824535023
Roll,11,15,rc_to_gyro,bandpassed_derivative,22.09221698907877,0.9889303338284966,23.46452824535023
Roll,12,16,inner,bandpassed_level,2.106444401482423,0.9989066282972955,25.58130786727758
Roll,12,16,inner,bandpassed_derivative,5.109482574321279,0.9911158682229901,25.58130786727758
Roll,12,16,smoothing,bandpassed_level,16.34093646966899,0.9999037017322198,25.58130786727758
Roll,12,16,smoothing,bandpassed_derivative,16.254729353743368,0.9984972196617272,25.58130786727758
Roll,12,16,rc_to_gyro,bandpassed_level,18.55413560003831,0.9989817626885439,25.58130786727758
Roll,12,16,rc_to_gyro,bandpassed_derivative,21.59496219898625,0.9915377360023403,25.58130786727758
Roll,13,17,inner,bandpassed_level,2.2302071741888314,0.9988913858591755,25.51172533988384
Roll,13,17,inner,bandpassed_derivative,5.180650957457401,0.990132446072143,25.51172533988384
Roll,13,17,smoothing,bandpassed_level,16.33412562160541,0.9999058776838086,25.51172533988384
Roll,13,17,smoothing,bandpassed_derivative,16.251219145165283,0.9985261150631907,25.51172533988384
Roll,13,17,rc_to_gyro,bandpassed_level,18.66109184958461,0.9989868777779385,25.51172533988384
Roll,13,17,rc_to_gyro,bandpassed_derivative,21.67969112103864,0.9906234305472565,25.51172533988384
Roll,14,18,inner,bandpassed_level,1.637278379945133,0.9982978894454204,19.833954785427906
Roll,14,18,inner,bandpassed_derivative,4.644144894781866,0.9882409923005725,19.833954785427906
Roll,14,18,smoothing,bandpassed_level,16.388031696676837,0.9998621656248198,19.833954785427906
Roll,14,18,smoothing,bandpassed_derivative,16.274687642092697,0.9982421802562135,19.833954785427906
Roll,14,18,rc_to_gyro,bandpassed_level,18.154389390478464,0.9983954293849421,19.833954785427906
Roll,14,18,rc_to_gyro,bandpassed_derivative,21.208126856453994,0.9887474106492437,19.833954785427906
Roll,15,19,inner,bandpassed_level,2.6501854886237286,0.995749310025677,16.50506376683783
Roll,15,19,inner,bandpassed_derivative,6.159874232111522,0.9722466300392294,16.50506376683783
Roll,15,19,smoothing,bandpassed_level,16.590307075494813,0.9996612057281103,16.50506376683783
Roll,15,19,smoothing,bandpassed_derivative,16.237927278853803,0.996912200012566,16.50506376683783
Roll,15,19,rc_to_gyro,bandpassed_level,19.43119933513845,0.9957584713996261,16.50506376683783
Roll,15,19,rc_to_gyro,bandpassed_derivative,22.55673197442094,0.9751708599583832,16.50506376683783
Roll,21,25,inner,bandpassed_level,4.392049125523744,0.9990376907381125,40.30171236366466
Roll,21,25,inner,bandpassed_derivative,7.108241934374475,0.9880636635916015,40.30171236366466
Roll,21,25,smoothing,bandpassed_level,15.986304176654288,0.999914540247683,40.30171236366466
Roll,21,25,smoothing,bandpassed_derivative,16.028839646323714,0.9987842710955327,40.30171236366466
Roll,21,25,rc_to_gyro,bandpassed_level,20.287845127284097,0.9989992866204321,40.30171236366466
Roll,21,25,rc_to_gyro,bandpassed_derivative,23.648265824417994,0.9885199782795006,40.30171236366466
Roll,22,26,inner,bandpassed_level,3.7489253709353156,0.9989840354572961,40.12543822977678
Roll,22,26,inner,bandpassed_derivative,5.960551331081895,0.9902724126747563,40.12543822977678
Roll,22,26,smoothing,bandpassed_level,16.228615611244226,0.9999047503108549,40.12543822977678
Roll,22,26,smoothing,bandpassed_derivative,16.261620233553653,0.9987506119337776,40.12543822977678
Roll,22,26,rc_to_gyro,bandpassed_level,20.051569161298083,0.9990278107615685,40.12543822977678
Roll,22,26,rc_to_gyro,bandpassed_derivative,22.675212868319875,0.9897757741271854,40.12543822977678
Roll,23,27,inner,bandpassed_level,3.737689394252643,0.9990319412771898,35.10068192451214
Roll,23,27,inner,bandpassed_derivative,5.963287878039885,0.9908369817669724,35.10068192451214
Roll,23,27,smoothing,bandpassed_level,16.226334167215512,0.9999103473035986,35.10068192451214
Roll,23,27,smoothing,bandpassed_derivative,16.247827765122658,0.9987967123795648,35.10068192451214
Roll,23,27,rc_to_gyro,bandpassed_level,20.0434653075635,0.9990937897375489,35.10068192451214
Roll,23,27,rc_to_gyro,bandpassed_derivative,22.65509961566478,0.990587417199738,35.10068192451214
Roll,24,28,inner,bandpassed_level,3.7972784561232915,0.9993262075226373,28.17915904740672
Roll,24,28,inner,bandpassed_derivative,5.771111435686228,0.9935393538088234,28.17915904740672
Roll,24,28,smoothing,bandpassed_level,16.234327268380156,0.9999161618994744,28.17915904740672
Roll,24,28,smoothing,bandpassed_derivative,16.238300098225537,0.9987540987563139,28.17915904740672
Roll,24,28,rc_to_gyro,bandpassed_level,20.103614455237096,0.9993799533240338,28.17915904740672
Roll,24,28,rc_to_gyro,bandpassed_derivative,22.437790039938,0.993416284532298,28.17915904740672
Roll,26,30,inner,bandpassed_level,23.801056767409797,0.9623360207720915,48.824366020077804
Roll,26,30,inner,bandpassed_derivative,23.45458362536023,0.3573241352895095,48.824366020077804
Roll,26,30,smoothing,bandpassed_level,15.854902675097971,0.9998305028575496,48.824366020077804
Roll,26,30,smoothing,bandpassed_derivative,15.480856495622234,0.9800730425732693,48.824366020077804
Roll,26,30,rc_to_gyro,bandpassed_level,37.58873459105624,0.9619088096891806,48.824366020077804
Roll,26,30,rc_to_gyro,bandpassed_derivative,39.03902892846224,0.3359524446794531,48.824366020077804
Roll,27,31,inner,bandpassed_level,6.302421608073818,0.9830031051281413,48.32374938936236
Roll,27,31,inner,bandpassed_derivative,15.223809791946673,0.5871307226631286,48.32374938936236
Roll,27,31,smoothing,bandpassed_level,16.397707355936262,0.9999249121669284,48.32374938936236
Roll,27,31,smoothing,bandpassed_derivative,15.747199994015952,0.9933852250464401,48.32374938936236
Roll,27,31,rc_to_gyro,bandpassed_level,22.741727064313764,0.9831516927235372,48.32374938936236
Roll,27,31,rc_to_gyro,bandpassed_derivative,30.731837896812426,0.580139193262319,48.32374938936236
Roll,30,34,inner,bandpassed_level,2.808305885386587,0.9954345151555135,23.69078611410405
Roll,30,34,inner,bandpassed_derivative,11.07929742988162,0.7521986118992388,23.69078611410405
Roll,30,34,smoothing,bandpassed_level,16.32482363571702,0.9999224998569246,23.69078611410405
Roll,30,34,smoothing,bandpassed_derivative,15.77335600321807,0.989359315177323,23.69078611410405
Roll,30,34,rc_to_gyro,bandpassed_level,20.585055243690732,0.9953675835412537,23.69078611410405
Roll,30,34,rc_to_gyro,bandpassed_derivative,29.295481843653256,0.7506221326299822,23.69078611410405
Roll,31,35,inner,bandpassed_level,2.5779932936236225,0.9722585199547705,14.587073627491037
Roll,31,35,inner,bandpassed_derivative,13.229688594868984,0.7211681940322653,14.587073627491037
Roll,31,35,smoothing,bandpassed_level,16.798842926958073,0.9996481859274953,14.587073627491037
Roll,31,35,smoothing,bandpassed_derivative,16.465139295794632,0.9882698538727956,14.587073627491037
Roll,31,35,rc_to_gyro,bandpassed_level,19.300262996524513,0.9701691436888218,14.587073627491037
Roll,31,35,rc_to_gyro,bandpassed_derivative,26.047373360318623,0.6864546898659246,14.587073627491037
Roll,34,38,inner,bandpassed_level,5.628264792990943,0.9987869585005617,15.798292971479977
Roll,34,38,inner,bandpassed_derivative,9.26044351337688,0.8594226783447834,15.798292971479977
Roll,34,38,smoothing,bandpassed_level,16.148239115069476,0.9998936651380013,15.798292971479977
Roll,34,38,smoothing,bandpassed_derivative,15.8648744883185,0.9837773267643336,15.798292971479977
Roll,34,38,rc_to_gyro,bandpassed_level,21.720410376408992,0.9989191621193532,15.798292971479977
Roll,34,38,rc_to_gyro,bandpassed_derivative,24.429355336807596,0.8821126988123803,15.798292971479977
Roll,35,39,inner,bandpassed_level,2.017670443676894,0.9996369323041476,53.43990970983357
Roll,35,39,inner,bandpassed_derivative,8.304459541712992,0.9654250236470489,53.43990970983357
Roll,35,39,smoothing,bandpassed_level,16.05905896505666,0.9999715064408298,53.43990970983357
Roll,35,39,smoothing,bandpassed_derivative,15.579572165593062,0.9958619105518353,53.43990970983357
Roll,35,39,rc_to_gyro,bandpassed_level,18.169678098069703,0.9996438226283978,53.43990970983357
Roll,35,39,rc_to_gyro,bandpassed_derivative,23.952958677876836,0.969205159700994,53.43990970983357
Roll,36,40,inner,bandpassed_level,2.065199426617994,0.9996161652787359,50.831742743552496
Roll,36,40,inner,bandpassed_derivative,8.487818833536355,0.9633096349269141,50.831742743552496
Roll,36,40,smoothing,bandpassed_level,16.10924104733979,0.9999712132192144,50.831742743552496
Roll,36,40,smoothing,bandpassed_derivative,15.366476605077985,0.9958819187214338,50.831742743552496
Roll,36,40,rc_to_gyro,bandpassed_level,18.28710644268986,0.9996234249910086,50.831742743552496
Roll,36,40,rc_to_gyro,bandpassed_derivative,24.05587175644983,0.966849800568158,50.831742743552496
Roll,37,41,inner,bandpassed_level,2.084508764568245,0.9995922768553321,46.905039269482884
Roll,37,41,inner,bandpassed_derivative,8.529353600470643,0.9632223381909232,46.905039269482884
Roll,37,41,smoothing,bandpassed_level,16.10236847446972,0.9999702118429491,46.905039269482884
Roll,37,41,smoothing,bandpassed_derivative,15.326731689167696,0.995873071111612,46.905039269482884
Roll,37,41,rc_to_gyro,bandpassed_level,18.306003001993826,0.9995917642200471,46.905039269482884
Roll,37,41,rc_to_gyro,bandpassed_derivative,24.125500518059088,0.96501011556468,46.905039269482884
Roll,38,42,inner,bandpassed_level,1.5976522535705564,0.9994792836224436,51.40489371263962
Roll,38,42,inner,bandpassed_derivative,9.536696856946113,0.9565277764409128,51.40489371263962
Roll,38,42,smoothing,bandpassed_level,16.089908572273824,0.9999673027234712,51.40489371263962
Roll,38,42,smoothing,bandpassed_derivative,15.107897987281177,0.9952699645214593,51.40489371263962
Roll,38,42,rc_to_gyro,bandpassed_level,17.89807701437373,0.9994850733312209,51.40489371263962
Roll,38,42,rc_to_gyro,bandpassed_derivative,24.728833760728282,0.9578442172976848,51.40489371263962
Roll,39,43,inner,bandpassed_level,5.171348473703313,0.99337228661335,30.154291186066867
Roll,39,43,inner,bandpassed_derivative,11.955157137469234,0.8618831110790923,30.154291186066867
Roll,39,43,smoothing,bandpassed_level,16.5482357878957,0.9995560013025885,30.154291186066867
Roll,39,43,smoothing,bandpassed_derivative,14.867709428526254,0.9840970647342631,30.154291186066867
Roll,39,43,rc_to_gyro,bandpassed_level,22.17446038481015,0.9938829151398002,30.154291186066867
Roll,39,43,rc_to_gyro,bandpassed_derivative,26.42870926708718,0.8622750356490027,30.154291186066867
Roll,50,54,inner,bandpassed_level,-0.46133639855658537,0.9952141250528153,32.310747124682365
Roll,50,54,inner,bandpassed_derivative,6.951249589733057,0.8322108945639235,32.310747124682365
Roll,50,54,smoothing,bandpassed_level,16.34777184315624,0.9998308748459792,32.310747124682365
Roll,50,54,smoothing,bandpassed_derivative,16.013032879262727,0.9908231749045909,32.310747124682365
Roll,50,54,rc_to_gyro,bandpassed_level,16.434423361576485,0.9952149167649157,32.310747124682365
Roll,50,54,rc_to_gyro,bandpassed_derivative,23.852269425791473,0.8395389463772618,32.310747124682365
Roll,51,55,inner,bandpassed_level,-0.7459051820463313,0.9926453322094152,33.09895619484283
Roll,51,55,inner,bandpassed_derivative,6.6532795950853325,0.7595183918917836,33.09895619484283
Roll,51,55,smoothing,bandpassed_level,16.296073946830344,0.9997997917200292,33.09895619484283
Roll,51,55,smoothing,bandpassed_derivative,16.030934854217442,0.9880259443619376,33.09895619484283
Roll,51,55,rc_to_gyro,bandpassed_level,16.21841198101302,0.9926859730642329,33.09895619484283
Roll,51,55,rc_to_gyro,bandpassed_derivative,23.631795739254912,0.7684737545540756,33.09895619484283
Roll,52,56,inner,bandpassed_level,0.649297533581974,0.9753219857623501,32.45428986417375
Roll,52,56,inner,bandpassed_derivative,8.09505325799281,0.489879036181243,32.45428986417375
Roll,52,56,smoothing,bandpassed_level,16.26094185107282,0.9997831078198988,32.45428986417375
Roll,52,56,smoothing,bandpassed_derivative,16.146554200953982,0.9886664334057548,32.45428986417375
Roll,52,56,rc_to_gyro,bandpassed_level,19.033698199687855,0.974560374374566,32.45428986417375
Roll,52,56,rc_to_gyro,bandpassed_derivative,25.815169491793895,0.4832954445144581,32.45428986417375
Roll,53,57,inner,bandpassed_level,2.9652596585003157,0.9742554710992029,30.799166270806165
Roll,53,57,inner,bandpassed_derivative,7.572525520792854,0.6416276172336098,30.799166270806165
Roll,53,57,smoothing,bandpassed_level,16.102294114133997,0.9998578754768546,30.799166270806165
Roll,53,57,smoothing,bandpassed_derivative,15.972284869800909,0.9953383336734615,30.799166270806165
Roll,53,57,rc_to_gyro,bandpassed_level,19.533257402516483,0.9743508911204765,30.799166270806165
Roll,53,57,rc_to_gyro,bandpassed_derivative,24.230780083479367,0.6397818660050547,30.799166270806165
Roll,54,58,inner,bandpassed_level,5.137285737049865,0.964146566361098,14.064659244273216
Roll,54,58,inner,bandpassed_derivative,9.343885416924921,0.6340754609727102,14.064659244273216
Roll,54,58,smoothing,bandpassed_level,16.10759148241253,0.9997911895427595,14.064659244273216
Roll,54,58,smoothing,bandpassed_derivative,15.717486101669317,0.9948000210753617,14.064659244273216
Roll,54,58,rc_to_gyro,bandpassed_level,21.415242494832523,0.9644823456095177,14.064659244273216
Roll,54,58,rc_to_gyro,bandpassed_derivative,25.368417907082694,0.631452288021898,14.064659244273216
Roll,55,59,inner,bandpassed_level,5.182473317877487,0.9651486985850691,14.038012346336888
Roll,55,59,inner,bandpassed_derivative,9.081249653925072,0.6490282333242636,14.038012346336888
Roll,55,59,smoothing,bandpassed_level,16.090473927880673,0.999790191668028,14.038012346336888
Roll,55,59,smoothing,bandpassed_derivative,15.694032112667205,0.9953641042533855,14.038012346336888
Roll,55,59,rc_to_gyro,bandpassed_level,21.540973926502673,0.9652880246856578,14.038012346336888
Roll,55,59,rc_to_gyro,bandpassed_derivative,25.33914656300747,0.6430545000090628,14.038012346336888
Roll,56,60,inner,bandpassed_level,2.189316336640595,0.9942153556120007,11.506132313551353
Roll,56,60,inner,bandpassed_derivative,8.860925087021194,0.929108567583887,11.506132313551353
Roll,56,60,smoothing,bandpassed_level,16.07172510926653,0.9997794446904513,11.506132313551353
Roll,56,60,smoothing,bandpassed_derivative,15.828036589133156,0.9946572490457647,11.506132313551353
Roll,56,60,rc_to_gyro,bandpassed_level,18.164114338463897,0.9946578543383996,11.506132313551353
Roll,56,60,rc_to_gyro,bandpassed_derivative,23.72837405816354,0.9389069846411806,11.506132313551353
Roll,58,62,inner,bandpassed_level,13.808454971921918,0.9952729611899089,21.04043110306261
Roll,58,62,inner,bandpassed_derivative,13.512823113783702,0.6757071271795341,21.04043110306261
Roll,58,62,smoothing,bandpassed_level,16.30741980942819,0.999950115592483,21.04043110306261
Roll,58,62,smoothing,bandpassed_derivative,16.93415860580518,0.989918263301911,21.04043110306261
Roll,58,62,rc_to_gyro,bandpassed_level,29.751226763990807,0.9953043368311386,21.04043110306261
Roll,58,62,rc_to_gyro,bandpassed_derivative,30.606236925200633,0.6969240626795344,21.04043110306261
Roll,59,63,inner,bandpassed_level,8.55414682544069,0.9973850683962878,81.36551724584679
Roll,59,63,inner,bandpassed_derivative,8.559071200478982,0.9128035716375097,81.36551724584679
Roll,59,63,smoothing,bandpassed_level,16.277429837468368,0.9999334576763619,81.36551724584679
Roll,59,63,smoothing,bandpassed_derivative,16.08565893700927,0.9963479777506169,81.36551724584679
Roll,59,63,rc_to_gyro,bandpassed_level,24.91894501518816,0.9974810290287386,81.36551724584679
Roll,59,63,rc_to_gyro,bandpassed_derivative,24.975550374456287,0.9111536004547662,81.36551724584679
Roll,60,64,inner,bandpassed_level,8.007914784730321,0.9948848305574691,80.72611946199493
Roll,60,64,inner,bandpassed_derivative,8.806865927321216,0.7952667719022276,80.72611946199493
Roll,60,64,smoothing,bandpassed_level,16.309919855652854,0.9999403272294375,80.72611946199493
Roll,60,64,smoothing,bandpassed_derivative,16.087933805883228,0.9963904366967709,80.72611946199493
Roll,60,64,rc_to_gyro,bandpassed_level,24.454207378554877,0.9949690689666263,80.72611946199493
Roll,60,64,rc_to_gyro,bandpassed_derivative,25.15017463259408,0.7979247512655431,80.72611946199493
Roll,61,65,inner,bandpassed_level,7.64985057904803,0.9954115150529257,80.18678075433543
Roll,61,65,inner,bandpassed_derivative,9.060252050253123,0.8324693078894132,80.18678075433543
Roll,61,65,smoothing,bandpassed_level,16.253604645808686,0.9999441840993619,80.18678075433543
Roll,61,65,smoothing,bandpassed_derivative,16.08135829984063,0.996731485887506,80.18678075433543
Roll,61,65,rc_to_gyro,bandpassed_level,23.97342987756338,0.9954914324489685,80.18678075433543
Roll,61,65,rc_to_gyro,bandpassed_derivative,25.375461503609618,0.8342506227753953,80.18678075433543
Roll,62,66,inner,bandpassed_level,6.095743864265398,0.995716005268133,75.8284645405333
Roll,62,66,inner,bandpassed_derivative,8.34424953943511,0.8480291384909024,75.8284645405333
Roll,62,66,smoothing,bandpassed_level,16.18976546205669,0.9999388289081192,75.8284645405333
Roll,62,66,smoothing,bandpassed_derivative,16.031565209894353,0.9967228855338678,75.8284645405333
Roll,62,66,rc_to_gyro,bandpassed_level,22.481049389011147,0.9958156361886427,75.8284645405333
Roll,62,66,rc_to_gyro,bandpassed_derivative,24.619640310773327,0.8494080631644964,75.8284645405333
Roll,63,67,inner,bandpassed_level,4.28059674655659,0.9900190861436144,35.67832550385139
Roll,63,67,inner,bandpassed_derivative,11.199542622553263,0.7119793951584353,35.67832550385139
Roll,63,67,smoothing,bandpassed_level,16.073106323826522,0.9999401427481166,35.67832550385139
Roll,63,67,smoothing,bandpassed_derivative,15.896560716048214,0.9959102685072987,35.67832550385139
Roll,63,67,rc_to_gyro,bandpassed_level,20.55173163135936,0.9900437494801752,35.67832550385139
Roll,63,67,rc_to_gyro,bandpassed_derivative,27.338248053723184,0.7173907818794948,35.67832550385139
Roll,64,68,inner,bandpassed_level,5.414260319899321,0.9982117717247118,35.919026599959196
Roll,64,68,inner,bandpassed_derivative,9.996876327627593,0.9495343877164425,35.919026599959196
Roll,64,68,smoothing,bandpassed_level,16.0446435844711,0.9999410495731361,35.919026599959196
Roll,64,68,smoothing,bandpassed_derivative,15.818916754695975,0.9962267837985799,35.919026599959196
Roll,64,68,rc_to_gyro,bandpassed_level,21.605328017695307,0.9983581822627092,35.919026599959196
Roll,64,68,rc_to_gyro,bandpassed_derivative,26.51837082041979,0.950134293758227,35.919026599959196
Roll,65,69,inner,bandpassed_level,1.735965077321876,0.9968547575583446,94.98435956506822
Roll,65,69,inner,bandpassed_derivative,3.8933540196954928,0.9535674296513399,94.98435956506822
Roll,65,69,smoothing,bandpassed_level,16.247181192945398,0.9998385075369498,94.98435956506822
Roll,65,69,smoothing,bandpassed_derivative,16.082423301050238,0.9973413831833915,94.98435956506822
Roll,65,69,rc_to_gyro,bandpassed_level,18.10825171556284,0.9975982358687465,94.98435956506822
Roll,65,69,rc_to_gyro,bandpassed_derivative,20.112894051073546,0.9642146508179303,94.98435956506822
Roll,66,70,inner,bandpassed_level,1.4975144880968907,0.9968514132342342,97.9405654459694
Roll,66,70,inner,bandpassed_derivative,3.8421204468548553,0.9525031688413195,97.9405654459694
Roll,66,70,smoothing,bandpassed_level,16.272121007503035,0.9998615889410513,97.9405654459694
Roll,66,70,smoothing,bandpassed_derivative,16.08691382079499,0.9974226112436871,97.9405654459694
Roll,66,70,rc_to_gyro,bandpassed_level,17.942754547878938,0.9974857144109528,97.9405654459694
Roll,66,70,rc_to_gyro,bandpassed_derivative,20.062309822801893,0.9627662392847477,97.9405654459694
Roll,67,71,inner,bandpassed_level,1.4661915625265365,0.9968736679159795,97.66169549310162
Roll,67,71,inner,bandpassed_derivative,3.83987192629181,0.9517880740563072,97.66169549310162
Roll,67,71,smoothing,bandpassed_level,16.272690053536675,0.9998618217333516,97.66169549310162
Roll,67,71,smoothing,bandpassed_derivative,16.086271023250696,0.9974050764355584,97.66169549310162
Roll,67,71,rc_to_gyro,bandpassed_level,17.91392619021628,0.9975110274618921,97.66169549310162
Roll,67,71,rc_to_gyro,bandpassed_derivative,20.056984118309337,0.9620968475514888,97.66169549310162
Roll,76,80,inner,bandpassed_level,2.8995984998807325,0.9996385609891507,99.7823379021807
Roll,76,80,inner,bandpassed_derivative,6.862457337421459,0.9774878207928971,99.7823379021807
Roll,76,80,smoothing,bandpassed_level,16.094194385667375,0.9999840272118578,99.7823379021807
Roll,76,80,smoothing,bandpassed_derivative,15.633355196165953,0.9987911474381185,99.7823379021807
Roll,76,80,rc_to_gyro,bandpassed_level,19.314820240274653,0.9996228340428193,99.7823379021807
Roll,76,80,rc_to_gyro,bandpassed_derivative,22.689001209198654,0.9803158420211794,99.7823379021807
Roll,77,81,inner,bandpassed_level,-0.6179802215470533,0.9993526529676818,130.94005467289298
Roll,77,81,inner,bandpassed_derivative,3.228776459126442,0.9598889161334102,130.94005467289298
Roll,77,81,smoothing,bandpassed_level,16.3426294308922,0.9999858196173825,130.94005467289298
Roll,77,81,smoothing,bandpassed_derivative,16.085540294505876,0.9990746471956777,130.94005467289298
Roll,77,81,rc_to_gyro,bandpassed_level,15.765907647135844,0.9993663862024784,130.94005467289298
Roll,77,81,rc_to_gyro,bandpassed_derivative,19.570703423121405,0.9599945202394717,130.94005467289298
Roll,78,82,inner,bandpassed_level,-0.5943171201988788,0.9993479144094178,129.78962965614568
Roll,78,82,inner,bandpassed_derivative,3.4621140195712172,0.9597896168777053,129.78962965614568
Roll,78,82,smoothing,bandpassed_level,16.34025326332475,0.999985963369562,129.78962965614568
Roll,78,82,smoothing,bandpassed_derivative,16.06438833305075,0.9990252498535168,129.78962965614568
Roll,78,82,rc_to_gyro,bandpassed_level,15.789460337077902,0.9993644231242564,129.78962965614568
Roll,78,82,rc_to_gyro,bandpassed_derivative,19.785093923314303,0.9600200589893603,129.78962965614568
Roll,79,83,inner,bandpassed_level,-0.4923001028851017,0.9993219696196796,140.90713712624512
Roll,79,83,inner,bandpassed_derivative,3.9890922375357882,0.9593127551891517,140.90713712624512
Roll,79,83,smoothing,bandpassed_level,16.338123648009606,0.9999856340742708,140.90713712624512
Roll,79,83,smoothing,bandpassed_derivative,16.01174697640792,0.9989077012713327,140.90713712624512
Roll,79,83,rc_to_gyro,bandpassed_level,15.900112563775677,0.9993347044740539,140.90713712624512
Roll,79,83,rc_to_gyro,bandpassed_derivative,20.301125282855253,0.9588529774805491,140.90713712624512
Roll,80,84,inner,bandpassed_level,-1.8013730092518008,0.99892009050518,111.78228461025537
Roll,80,84,inner,bandpassed_derivative,0.7185943604020304,0.9526794922497622,111.78228461025537
Roll,80,84,smoothing,bandpassed_level,16.534089451045343,0.9999711639811202,111.78228461025537
Roll,80,84,smoothing,bandpassed_derivative,16.583423655866486,0.9988554374097813,111.78228461025537
Roll,80,84,rc_to_gyro,bandpassed_level,14.818650596530333,0.9987975926061693,111.78228461025537
Roll,80,84,rc_to_gyro,bandpassed_derivative,21.353407079352433,0.9510880958512696,111.78228461025537
Roll,81,85,inner,bandpassed_level,4.642124620396418,0.9977216422063241,51.196510842226566
Roll,81,85,inner,bandpassed_derivative,8.350712041939863,0.8529038038462698,51.196510842226566
Roll,81,85,smoothing,bandpassed_level,16.35557429196297,0.9999450746831081,51.196510842226566
Roll,81,85,smoothing,bandpassed_derivative,15.57690205165576,0.9930673410945987,51.196510842226566
Roll,81,85,rc_to_gyro,bandpassed_level,21.207700112715514,0.9977548468833417,51.196510842226566
Roll,81,85,rc_to_gyro,bandpassed_derivative,24.22693597441287,0.8445873594008473,51.196510842226566
Roll,82,86,inner,bandpassed_level,5.167780574278099,0.9942178338023929,40.446763728965415
Roll,82,86,inner,bandpassed_derivative,8.939709085265294,0.61789014225115,40.446763728965415
Roll,82,86,smoothing,bandpassed_level,16.405771550819612,0.9999290506422104,40.446763728965415
Roll,82,86,smoothing,bandpassed_derivative,15.638081241869807,0.9924831216829743,40.446763728965415
Roll,82,86,rc_to_gyro,bandpassed_level,21.623022203869148,0.9942171991568576,40.446763728965415
Roll,82,86,rc_to_gyro,bandpassed_derivative,24.2921573990885,0.6183720209682267,40.446763728965415
Roll,83,87,inner,bandpassed_level,5.166803422793167,0.987187243365907,31.17412697880148
Roll,83,87,inner,bandpassed_derivative,4.410932036854589,0.5216024918493111,31.17412697880148
Roll,83,87,smoothing,bandpassed_level,16.528943658165478,0.9999091706935632,31.17412697880148
Roll,83,87,smoothing,bandpassed_derivative,16.1601178430378,0.9933028126870418,31.17412697880148
Roll,83,87,rc_to_gyro,bandpassed_level,21.33472043827621,0.9866928182159519,31.17412697880148
Roll,83,87,rc_to_gyro,bandpassed_derivative,20.02377987866858,0.5258991320708281,31.17412697880148
Roll,85,89,inner,bandpassed_level,9.877823826732634,0.9771320954997769,26.224379638937954
Roll,85,89,inner,bandpassed_derivative,14.688425233564047,0.5949159039916606,26.224379638937954
Roll,85,89,smoothing,bandpassed_level,16.47146763216536,0.9997172426053778,26.224379638937954
Roll,85,89,smoothing,bandpassed_derivative,15.999606719813437,0.9886336999685716,26.224379638937954
Roll,85,89,rc_to_gyro,bandpassed_level,24.623721992356582,0.9784259195758489,26.224379638937954
Roll,85,89,rc_to_gyro,bandpassed_derivative,31.791514564473587,0.6486298339734123,26.224379638937954
Roll,86,90,inner,bandpassed_level,5.679490425257119,0.9898690888061344,26.102179956193464
Roll,86,90,inner,bandpassed_derivative,13.092589220643687,0.7703981231409903,26.102179956193464
Roll,86,90,smoothing,bandpassed_level,16.460285220453805,0.999823352239142,26.102179956193464
Roll,86,90,smoothing,bandpassed_derivative,15.891344327500907,0.9908336066689967,26.102179956193464
Roll,86,90,rc_to_gyro,bandpassed_level,22.3326238642251,0.9896351943927848,26.102179956193464
Roll,86,90,rc_to_gyro,bandpassed_derivative,28.58512858287888,0.7726364631321552,26.102179956193464
Roll,87,91,inner,bandpassed_level,5.2278693123307605,0.9927637005038945,25.501371145942514
Roll,87,91,inner,bandpassed_derivative,12.80394184893917,0.7974068567147584,25.501371145942514
Roll,87,91,smoothing,bandpassed_level,16.407437232507437,0.9998791565965581,25.501371145942514
Roll,87,91,smoothing,bandpassed_derivative,15.716905536335556,0.9918551057167427,25.501371145942514
Roll,87,91,rc_to_gyro,bandpassed_level,21.794957455847218,0.9926757346662469,25.501371145942514
Roll,87,91,rc_to_gyro,bandpassed_derivative,28.241974921083603,0.800844652529274,25.501371145942514
Roll,88,92,inner,bandpassed_level,4.877960285547002,0.9936752585565907,18.03539701979596
Roll,88,92,inner,bandpassed_derivative,15.372704106169675,0.7799032364792136,18.03539701979596
Roll,88,92,smoothing,bandpassed_level,16.409889135334605,0.9999148362922295,18.03539701979596
Roll,88,92,smoothing,bandpassed_derivative,15.533187881949168,0.9920910509883357,18.03539701979596
Roll,88,92,rc_to_gyro,bandpassed_level,21.667362462003666,0.9936834237035232,18.03539701979596
Roll,88,92,rc_to_gyro,bandpassed_derivative,30.476822063837634,0.7921679301123691,18.03539701979596
Roll,89,93,inner,bandpassed_level,4.059348950709997,0.9935820954951389,17.564324171316827
Roll,89,93,inner,bandpassed_derivative,12.953394471145268,0.7719389088765918,17.564324171316827
Roll,89,93,smoothing,bandpassed_level,16.358098373408172,0.9998881619696759,17.564324171316827
Roll,89,93,smoothing,bandpassed_derivative,15.73158750446178,0.9909592890428713,17.564324171316827
Roll,89,93,rc_to_gyro,bandpassed_level,20.82468217674723,0.9936352272257839,17.564324171316827
Roll,89,93,rc_to_gyro,bandpassed_derivative,28.661927160229272,0.781398906792989,17.564324171316827
Roll,90,94,inner,bandpassed_level,5.197955566220101,0.998673668379103,13.631921339649303
Roll,90,94,inner,bandpassed_derivative,11.106674606752208,0.9505376131316616,13.631921339649303
Roll,90,94,smoothing,bandpassed_level,16.28097021630481,0.9998609122634743,13.631921339649303
Roll,90,94,smoothing,bandpassed_derivative,15.694470956066676,0.9877092203358087,13.631921339649303
Roll,90,94,rc_to_gyro,bandpassed_level,21.707295752001208,0.998784858897403,13.631921339649303
Roll,90,94,rc_to_gyro,bandpassed_derivative,27.141928633036358,0.9531884927053539,13.631921339649303
Roll,91,95,inner,bandpassed_level,6.888903767323036,0.9980197346659395,17.993835874475174
Roll,91,95,inner,bandpassed_derivative,11.335354889335209,0.9346042756149221,17.993835874475174
Roll,91,95,smoothing,bandpassed_level,16.148083315907844,0.999746573990588,17.993835874475174
Roll,91,95,smoothing,bandpassed_derivative,15.64071751379216,0.9841396555729561,17.993835874475174
Roll,91,95,rc_to_gyro,bandpassed_level,23.287170205709813,0.9981160276353435,17.993835874475174
Roll,91,95,rc_to_gyro,bandpassed_derivative,27.279631467745237,0.9312025812937804,17.993835874475174
Roll,92,96,inner,bandpassed_level,6.85156703985089,0.9972822157345874,20.900120423432185
Roll,92,96,inner,bandpassed_derivative,11.022948276208488,0.8807953364248012,20.900120423432185
Roll,92,96,smoothing,bandpassed_level,15.93486981106422,0.9997083541227452,20.900120423432185
Roll,92,96,smoothing,bandpassed_derivative,15.828302380069784,0.980832551565153,20.900120423432185
Roll,92,96,rc_to_gyro,bandpassed_level,22.838604594475065,0.9973057998004642,20.900120423432185
Roll,92,96,rc_to_gyro,bandpassed_derivative,26.5752000863437,0.8709469708747555,20.900120423432185
Roll,93,97,inner,bandpassed_level,4.6487509953903094,0.9951974923855608,24.886982061295054
Roll,93,97,inner,bandpassed_derivative,11.529811830490408,0.898684932671351,24.886982061295054
Roll,93,97,smoothing,bandpassed_level,16.15908443067071,0.9995814053464172,24.886982061295054
Roll,93,97,smoothing,bandpassed_derivative,15.995369530858047,0.9813578004930745,24.886982061295054
Roll,93,97,rc_to_gyro,bandpassed_level,21.026914957489474,0.9954724456092762,24.886982061295054
Roll,93,97,rc_to_gyro,bandpassed_derivative,27.32454215995774,0.898841402817376,24.886982061295054
Roll,94,98,inner,bandpassed_level,4.655057902535052,0.9954000738766039,21.905571659525865
Roll,94,98,inner,bandpassed_derivative,11.349594903606311,0.9078847071507052,21.905571659525865
Roll,94,98,smoothing,bandpassed_level,16.398250585118888,0.9995464720143773,21.905571659525865
Roll,94,98,smoothing,bandpassed_derivative,16.156192241265092,0.9825843471798819,21.905571659525865
Roll,94,98,rc_to_gyro,bandpassed_level,21.592527675381852,0.9955876651233673,21.905571659525865
Roll,94,98,rc_to_gyro,bandpassed_derivative,27.770287340520646,0.9027861911528755,21.905571659525865
Roll,95,99,inner,bandpassed_level,4.574786852321867,0.9976969375961933,29.758184156062157
Roll,95,99,inner,bandpassed_derivative,12.878437590404369,0.925933528538803,29.758184156062157
Roll,95,99,smoothing,bandpassed_level,16.585234889905948,0.9997992825533367,29.758184156062157
Roll,95,99,smoothing,bandpassed_derivative,16.219140916912295,0.9853297763706645,29.758184156062157
Roll,95,99,rc_to_gyro,bandpassed_level,21.53577253819846,0.9978331553719966,29.758184156062157
Roll,95,99,rc_to_gyro,bandpassed_derivative,29.493119224795077,0.9216551694417232,29.758184156062157
Roll,96,100,inner,bandpassed_level,4.093516912531045,0.9988937227119704,72.64053848202649
Roll,96,100,inner,bandpassed_derivative,9.868707735152167,0.9499400414697353,72.64053848202649
Roll,96,100,smoothing,bandpassed_level,16.376882253307297,0.999942553832859,72.64053848202649
Roll,96,100,smoothing,bandpassed_derivative,15.673234637250435,0.9970898077902216,72.64053848202649
Roll,96,100,rc_to_gyro,bandpassed_level,20.648928921832976,0.9989717074750737,72.64053848202649
Roll,96,100,rc_to_gyro,bandpassed_derivative,25.79290511610838,0.953579284763705,72.64053848202649
Roll,97,101,inner,bandpassed_level,4.082336034895673,0.9987892510768558,75.78765324761765
Roll,97,101,inner,bandpassed_derivative,9.872246274151182,0.9407323534735557,75.78765324761765
Roll,97,101,smoothing,bandpassed_level,16.38695169105124,0.9999494378643217,75.78765324761765
Roll,97,101,smoothing,bandpassed_derivative,15.667036544765804,0.9972668488279969,75.78765324761765
Roll,97,101,rc_to_gyro,bandpassed_level,20.640290155559356,0.9988449439402451,75.78765324761765
Roll,97,101,rc_to_gyro,bandpassed_derivative,25.777356173872242,0.943741048065708,75.78765324761765
Roll,98,102,inner,bandpassed_level,3.8803464527093596,0.9984895199267695,78.2049288610668
Roll,98,102,inner,bandpassed_derivative,9.842759479734926,0.9244702583887393,78.2049288610668
Roll,98,102,smoothing,bandpassed_level,16.38764134189517,0.9999485949680024,78.2049288610668
Roll,98,102,smoothing,bandpassed_derivative,15.657035762725657,0.9972697613429905,78.2049288610668
Roll,98,102,rc_to_gyro,bandpassed_level,20.417042017234184,0.9983166620394307,78.2049288610668
Roll,98,102,rc_to_gyro,bandpassed_derivative,25.49026310499135,0.9267347109653539,78.2049288610668
Roll,99,103,inner,bandpassed_level,4.04922096076587,0.9969499143766946,79.40023426106409
Roll,99,103,inner,bandpassed_derivative,9.524409441652306,0.8686688524392857,79.40023426106409
Roll,99,103,smoothing,bandpassed_level,16.394911249023366,0.9999425337305843,79.40023426106409
Roll,99,103,smoothing,bandpassed_derivative,15.663311615652718,0.9971768811683708,79.40023426106409
Roll,99,103,rc_to_gyro,bandpassed_level,20.605226169990072,0.9969841281412422,79.40023426106409
Roll,99,103,rc_to_gyro,bandpassed_derivative,25.419837024845332,0.8707496816647132,79.40023426106409
Pitch,3,7,inner,bandpassed_level,5.585274115002573,0.9953002207871711,37.1324104329246
Pitch,3,7,inner,bandpassed_derivative,7.426575304632283,0.9867571261690903,37.1324104329246
Pitch,3,7,smoothing,bandpassed_level,16.277774548573095,0.9998968170084822,37.1324104329246
Pitch,3,7,smoothing,bandpassed_derivative,15.999715804829021,0.9991391835239005,37.1324104329246
Pitch,3,7,rc_to_gyro,bandpassed_level,21.909507885022393,0.9956721815895356,37.1324104329246
Pitch,3,7,rc_to_gyro,bandpassed_derivative,23.482153102904793,0.9870536328592119,37.1324104329246
Pitch,4,8,inner,bandpassed_level,6.340194384725548,0.9943601340816822,11.099691726727995
Pitch,4,8,inner,bandpassed_derivative,12.107054960370775,0.9418361466970119,11.099691726727995
Pitch,4,8,smoothing,bandpassed_level,16.52849664350259,0.9997107488657573,11.099691726727995
Pitch,4,8,smoothing,bandpassed_derivative,15.527304012591939,0.9948136499473983,11.099691726727995
Pitch,4,8,rc_to_gyro,bandpassed_level,22.941184468033985,0.9945680433701403,11.099691726727995
Pitch,4,8,rc_to_gyro,bandpassed_derivative,28.181438335542495,0.9463642391751438,11.099691726727995
Pitch,30,34,inner,bandpassed_level,4.395254430400524,0.9719906806569695,24.247986073878515
Pitch,30,34,inner,bandpassed_derivative,14.244555678704419,0.6279419184342967,24.247986073878515
Pitch,30,34,smoothing,bandpassed_level,16.300700345100587,0.9998567075915282,24.247986073878515
Pitch,30,34,smoothing,bandpassed_derivative,16.18706415533902,0.9856026446329972,24.247986073878515
Pitch,30,34,rc_to_gyro,bandpassed_level,20.932700645425886,0.9716469095519092,24.247986073878515
Pitch,30,34,rc_to_gyro,bandpassed_derivative,30.701715477053483,0.6302161782807834,24.247986073878515
Pitch,31,35,inner,bandpassed_level,3.5249000300295985,0.9663529763755692,24.75510072040634
Pitch,31,35,inner,bandpassed_derivative,13.70864510759674,0.5905737413505915,24.75510072040634
Pitch,31,35,smoothing,bandpassed_level,16.576306879474462,0.9997821663018653,24.75510072040634
Pitch,31,35,smoothing,bandpassed_derivative,16.751176168918498,0.9755173955024211,24.75510072040634
Pitch,31,35,rc_to_gyro,bandpassed_level,20.234592073383595,0.9656656841874149,24.75510072040634
Pitch,31,35,rc_to_gyro,bandpassed_derivative,29.01358337575988,0.588862116995695,24.75510072040634
Pitch,52,56,inner,bandpassed_level,-1.1577697539946987,0.9853516049424768,21.552886088222145
Pitch,52,56,inner,bandpassed_derivative,17.543466750151172,0.7253454710607656,21.552886088222145
Pitch,52,56,smoothing,bandpassed_level,16.0380314620771,0.9998526652701307,21.552886088222145
Pitch,52,56,smoothing,bandpassed_derivative,15.09861688677518,0.988761325627817,21.552886088222145
Pitch,52,56,rc_to_gyro,bandpassed_level,16.061527702913917,0.9847012451972281,21.552886088222145
Pitch,52,56,rc_to_gyro,bandpassed_derivative,32.438024198385335,0.7320990255738015,21.552886088222145
Pitch,53,57,inner,bandpassed_level,1.2376607141493243,0.973120738149415,23.34451829745101
Pitch,53,57,inner,bandpassed_derivative,17.42996254129824,0.6371365068170984,23.34451829745101
Pitch,53,57,smoothing,bandpassed_level,16.081130807283408,0.9998456230896243,23.34451829745101
Pitch,53,57,smoothing,bandpassed_derivative,15.31756521600647,0.9897452662976682,23.34451829745101
Pitch,53,57,rc_to_gyro,bandpassed_level,17.803101976752323,0.9736697328672805,23.34451829745101
Pitch,53,57,rc_to_gyro,bandpassed_derivative,31.96386432542912,0.6510245273839341,23.34451829745101
Pitch,54,58,inner,bandpassed_level,0.6719283293131845,0.9746536995112406,23.924507907267397
Pitch,54,58,inner,bandpassed_derivative,16.097535647141683,0.6690751998633541,23.924507907267397
Pitch,54,58,smoothing,bandpassed_level,16.10768704579855,0.9998825195235512,23.924507907267397
Pitch,54,58,smoothing,bandpassed_derivative,15.349132262999065,0.9921034749373451,23.924507907267397
Pitch,54,58,rc_to_gyro,bandpassed_level,17.337064540851802,0.9749179291790385,23.924507907267397
Pitch,54,58,rc_to_gyro,bandpassed_derivative,31.316492630061983,0.6842356278373537,23.924507907267397
Pitch,55,59,inner,bandpassed_level,2.286775948992328,0.9748080924423514,28.489688823439955
Pitch,55,59,inner,bandpassed_derivative,15.362109199760607,0.7099155494173591,28.489688823439955
Pitch,55,59,smoothing,bandpassed_level,16.043434834930967,0.9998861476405959,28.489688823439955
Pitch,55,59,smoothing,bandpassed_derivative,15.266149589705453,0.992554119883155,28.489688823439955
Pitch,55,59,rc_to_gyro,bandpassed_level,18.823937191323385,0.9750077932645368,28.489688823439955
Pitch,55,59,rc_to_gyro,bandpassed_derivative,30.686527066063615,0.7257570705650006,28.489688823439955
Pitch,56,60,inner,bandpassed_level,14.266620293769412,0.963646819327125,19.650318498821438
Pitch,56,60,inner,bandpassed_derivative,15.254617831919484,0.9591742377759099,19.650318498821438
Pitch,56,60,smoothing,bandpassed_level,15.892879537805795,0.9994110860076459,19.650318498821438
Pitch,56,60,smoothing,bandpassed_derivative,15.779704478852699,0.9941621917783812,19.650318498821438
Pitch,56,60,rc_to_gyro,bandpassed_level,29.99720922206466,0.9668930194893415,19.650318498821438
Pitch,56,60,rc_to_gyro,bandpassed_derivative,30.984274152419356,0.974218964101108,19.650318498821438
Pitch,57,61,inner,bandpassed_level,13.997215768305887,0.9842549457483416,20.226479606014834
Pitch,57,61,inner,bandpassed_derivative,15.269517776449286,0.9659401328778028,20.226479606014834
Pitch,57,61,smoothing,bandpassed_level,15.958463081009851,0.9993169065997788,20.226479606014834
Pitch,57,61,smoothing,bandpassed_derivative,15.747721306400605,0.9939142773958672,20.226479606014834
Pitch,57,61,rc_to_gyro,bandpassed_level,30.053249672163595,0.9860390191097549,20.226479606014834
Pitch,57,61,rc_to_gyro,bandpassed_derivative,31.029191349872313,0.9772810116183923,20.226479606014834
Pitch,58,62,inner,bandpassed_level,13.05264156232434,0.9382074597771604,20.675694797666097
Pitch,58,62,inner,bandpassed_derivative,15.202863120701432,0.7540863732829814,20.675694797666097
Pitch,58,62,smoothing,bandpassed_level,15.829472713059346,0.9992757021679388,20.675694797666097
Pitch,58,62,smoothing,bandpassed_derivative,15.73107295152313,0.9933357476846526,20.675694797666097
Pitch,58,62,rc_to_gyro,bandpassed_level,29.24996628622959,0.9390662026998945,20.675694797666097
Pitch,58,62,rc_to_gyro,bandpassed_derivative,31.138270542696926,0.7645091175072742,20.675694797666097
Pitch,59,63,inner,bandpassed_level,1.7833118884587256,0.9925300654512921,71.49731468018149
Pitch,59,63,inner,bandpassed_derivative,11.75881435317251,0.8738777220610908,71.49731468018149
Pitch,59,63,smoothing,bandpassed_level,16.11462214638976,0.9998997298736698,71.49731468018149
Pitch,59,63,smoothing,bandpassed_derivative,15.638261172031328,0.9959617799973193,71.49731468018149
Pitch,59,63,rc_to_gyro,bandpassed_level,18.481286593617657,0.9928856486059802,71.49731468018149
Pitch,59,63,rc_to_gyro,bandpassed_derivative,27.873405987083217,0.8782354740634686,71.49731468018149
Pitch,60,64,inner,bandpassed_level,-3.5366692310980015,0.9940962164387397,72.7228611114298
Pitch,60,64,inner,bandpassed_derivative,7.823895620739494,0.7504479697317112,72.7228611114298
Pitch,60,64,smoothing,bandpassed_level,16.11913260926649,0.9999456164700483,72.7228611114298
Pitch,60,64,smoothing,bandpassed_derivative,15.371398044312171,0.9967503639770627,72.7228611114298
Pitch,60,64,rc_to_gyro,bandpassed_level,12.928958130004101,0.9941478112988986,72.7228611114298
Pitch,60,64,rc_to_gyro,bandpassed_derivative,24.08153227653795,0.7530096103069388,72.7228611114298
Pitch,61,65,inner,bandpassed_level,-3.6527514236703347,0.9941028804281443,73.23491621630262
Pitch,61,65,inner,bandpassed_derivative,7.756811375194879,0.7560708591514094,73.23491621630262
Pitch,61,65,smoothing,bandpassed_level,16.125740312100373,0.9999485939014485,73.23491621630262
Pitch,61,65,smoothing,bandpassed_derivative,15.406137253652773,0.996861024241502,73.23491621630262
Pitch,61,65,rc_to_gyro,bandpassed_level,12.8216652820923,0.9941657376183848,73.23491621630262
Pitch,61,65,rc_to_gyro,bandpassed_derivative,24.02078416349438,0.758081964119112,73.23491621630262
Pitch,62,66,inner,bandpassed_level,-3.2816961917329404,0.996503655852895,71.82614577406807
Pitch,62,66,inner,bandpassed_derivative,7.937401768822405,0.8107755431460084,71.82614577406807
Pitch,62,66,smoothing,bandpassed_level,16.142232257328384,0.9999511937786996,71.82614577406807
Pitch,62,66,smoothing,bandpassed_derivative,15.419127447906545,0.996806862295372,71.82614577406807
Pitch,62,66,rc_to_gyro,bandpassed_level,13.189153283046933,0.996590070128672,71.82614577406807
Pitch,62,66,rc_to_gyro,bandpassed_derivative,23.914322951494896,0.8130888275632918,71.82614577406807
Pitch,63,67,inner,bandpassed_level,-7.080156875249738,0.9836449657351914,40.91312574664375
Pitch,63,67,inner,bandpassed_derivative,6.805598253061569,0.5719314952066936,40.91312574664375
Pitch,63,67,smoothing,bandpassed_level,16.256606896739843,0.9998984795444448,40.91312574664375
Pitch,63,67,smoothing,bandpassed_derivative,16.053077389874638,0.9935469046366747,40.91312574664375
Pitch,63,67,rc_to_gyro,bandpassed_level,9.58897242134931,0.9832385781529903,40.91312574664375
Pitch,63,67,rc_to_gyro,bandpassed_derivative,24.994974314015174,0.5601188121967627,40.91312574664375
Pitch,64,68,inner,bandpassed_level,9.81276298511857,0.9954222229458078,27.60205393808194
Pitch,64,68,inner,bandpassed_derivative,6.2579480643180565,0.9552777081531901,27.60205393808194
Pitch,64,68,smoothing,bandpassed_level,16.331955987677965,0.9999137142552955,27.60205393808194
Pitch,64,68,smoothing,bandpassed_derivative,16.288812966815872,0.9963667246144131,27.60205393808194
Pitch,64,68,rc_to_gyro,bandpassed_level,26.013577482271344,0.9958112419034995,27.60205393808194
Pitch,64,68,rc_to_gyro,bandpassed_derivative,22.37044830802157,0.9589254791668317,27.60205393808194
Pitch,65,69,inner,bandpassed_level,8.105214014484721,0.9878831962081773,34.029276020383584
Pitch,65,69,inner,bandpassed_derivative,7.401326535427574,0.8565315834726636,34.029276020383584
Pitch,65,69,smoothing,bandpassed_level,16.204450968526615,0.9999218090364054,34.029276020383584
Pitch,65,69,smoothing,bandpassed_derivative,16.05651564432188,0.997482542315644,34.029276020383584
Pitch,65,69,rc_to_gyro,bandpassed_level,23.811501461219624,0.9877815152838969,34.029276020383584
Pitch,65,69,rc_to_gyro,bandpassed_derivative,23.27690334578907,0.8697980171560298,34.029276020383584
Pitch,66,70,inner,bandpassed_level,7.33355005968904,0.9860554387402577,45.86182644393712
Pitch,66,70,inner,bandpassed_derivative,7.965992780847869,0.8619935939820587,45.86182644393712
Pitch,66,70,smoothing,bandpassed_level,16.260144947669957,0.999920308865538,45.86182644393712
Pitch,66,70,smoothing,bandpassed_derivative,16.040546004968665,0.9974606052189094,45.86182644393712
Pitch,66,70,rc_to_gyro,bandpassed_level,23.632080674471737,0.9862697151752644,45.86182644393712
Pitch,66,70,rc_to_gyro,bandpassed_derivative,23.882462290421756,0.8696301598689063,45.86182644393712
Pitch,67,71,inner,bandpassed_level,7.613594887316474,0.9868860509534083,45.237620067849015
Pitch,67,71,inner,bandpassed_derivative,8.142666045905482,0.8602948855216509,45.237620067849015
Pitch,67,71,smoothing,bandpassed_level,16.257631577507794,0.9999196228961554,45.237620067849015
Pitch,67,71,smoothing,bandpassed_derivative,16.037921659734646,0.9974184589563173,45.237620067849015
Pitch,67,71,rc_to_gyro,bandpassed_level,23.89224567532348,0.9870846797584342,45.237620067849015
Pitch,67,71,rc_to_gyro,bandpassed_derivative,24.02802529446605,0.8681811387827714,45.237620067849015
Pitch,77,81,inner,bandpassed_level,11.102207678341504,0.9548970600277584,22.9833643850477
Pitch,77,81,inner,bandpassed_derivative,22.97257400603476,0.45923432133977765,22.9833643850477
Pitch,77,81,smoothing,bandpassed_level,15.715018495355222,0.9998135724483632,22.9833643850477
Pitch,77,81,smoothing,bandpassed_derivative,15.960542036935196,0.9906118699530221,22.9833643850477
Pitch,77,81,rc_to_gyro,bandpassed_level,28.050100429319574,0.9554629400902181,22.9833643850477
Pitch,77,81,rc_to_gyro,bandpassed_derivative,38.877907444268985,0.49349267008499526,22.9833643850477
Pitch,78,82,inner,bandpassed_level,11.317920786363095,0.9570617923412479,23.55438491397428
Pitch,78,82,inner,bandpassed_derivative,22.511074377507686,0.4617055968031785,23.55438491397428
Pitch,78,82,smoothing,bandpassed_level,15.730923924685342,0.9998516269651441,23.55438491397428
Pitch,78,82,smoothing,bandpassed_derivative,15.990708698289357,0.991127945626245,23.55438491397428
Pitch,78,82,rc_to_gyro,bandpassed_level,28.30171961913171,0.9575130982028139,23.55438491397428
Pitch,78,82,rc_to_gyro,bandpassed_derivative,38.65249095493462,0.4944229435681406,23.55438491397428
Pitch,79,83,inner,bandpassed_level,11.205955087164174,0.954308677921179,24.15793586553141
Pitch,79,83,inner,bandpassed_derivative,22.468086356211394,0.463906452710481,24.15793586553141
Pitch,79,83,smoothing,bandpassed_level,15.714063465675318,0.9998409431285536,24.15793586553141
Pitch,79,83,smoothing,bandpassed_derivative,15.877421680417104,0.9904754422476482,24.15793586553141
Pitch,79,83,rc_to_gyro,bandpassed_level,28.079632488077515,0.9542801623917446,24.15793586553141
Pitch,79,83,rc_to_gyro,bandpassed_derivative,38.66499467022518,0.4943765540109874,24.15793586553141
Pitch,80,84,inner,bandpassed_level,-3.6861446736885837,0.9336405654993953,23.221915198164538
Pitch,80,84,inner,bandpassed_derivative,26.077494964111153,0.46336744599912894,23.221915198164538
Pitch,80,84,smoothing,bandpassed_level,15.746023949450388,0.9997259166562956,23.221915198164538
Pitch,80,84,smoothing,bandpassed_derivative,15.63553854732639,0.9882521761475129,23.221915198164538
Pitch,80,84,rc_to_gyro,bandpassed_level,17.592999719710726,0.9326833247718925,23.221915198164538
Pitch,80,84,rc_to_gyro,bandpassed_derivative,42.80290634398422,0.5062331955598859,23.221915198164538
Pitch,96,100,inner,bandpassed_level,6.6196080460704945,0.9938508024781665,23.762155013844872
Pitch,96,100,inner,bandpassed_derivative,12.076906023676335,0.9011936669913284,23.762155013844872
Pitch,96,100,smoothing,bandpassed_level,16.10701293853399,0.999807611085028,23.762155013844872
Pitch,96,100,smoothing,bandpassed_derivative,15.627198001332609,0.9934334251310335,23.762155013844872
Pitch,96,100,rc_to_gyro,bandpassed_level,23.09550433499597,0.9938242434950281,23.762155013844872
Pitch,96,100,rc_to_gyro,bandpassed_derivative,28.86163111378161,0.8984924660148852,23.762155013844872
Pitch,97,101,inner,bandpassed_level,7.073500779071001,0.9929329444803259,31.43832131319177
Pitch,97,101,inner,bandpassed_derivative,11.10803249189422,0.8757432878371602,31.43832131319177
Pitch,97,101,smoothing,bandpassed_level,16.174563106047334,0.9998250516092,31.43832131319177
Pitch,97,101,smoothing,bandpassed_derivative,15.612702730979334,0.9931798758413148,31.43832131319177
Pitch,97,101,rc_to_gyro,bandpassed_level,23.528080611546944,0.9928642424855392,31.43832131319177
Pitch,97,101,rc_to_gyro,bandpassed_derivative,27.603565741259363,0.8680047172722527,31.43832131319177
Pitch,98,102,inner,bandpassed_level,7.1604805329821355,0.98583647357249,27.25984147403559
Pitch,98,102,inner,bandpassed_derivative,13.228858764135103,0.7942067669444947,27.25984147403559
Pitch,98,102,smoothing,bandpassed_level,16.178036566091137,0.9998353134630679,27.25984147403559
Pitch,98,102,smoothing,bandpassed_derivative,15.549802923241671,0.9936427373204118,27.25984147403559
Pitch,98,102,rc_to_gyro,bandpassed_level,23.620638597196827,0.9850606744143847,27.25984147403559
Pitch,98,102,rc_to_gyro,bandpassed_derivative,29.58316779496277,0.7895655925481028,27.25984147403559
Pitch,99,103,inner,bandpassed_level,8.575197816637875,0.9658434381806899,35.68148522663864
Pitch,99,103,inner,bandpassed_derivative,15.733189435590312,0.662013460969841,35.68148522663864
Pitch,99,103,smoothing,bandpassed_level,16.191065235217515,0.9998355218659196,35.68148522663864
Pitch,99,103,smoothing,bandpassed_derivative,15.6567516205488,0.9949684371903521,35.68148522663864
Pitch,99,103,rc_to_gyro,bandpassed_level,25.116402298151364,0.9656457834980237,35.68148522663864
Pitch,99,103,rc_to_gyro,bandpassed_derivative,32.523547936660755,0.6627903463577426,35.68148522663864
Pitch,100,104,inner,bandpassed_level,14.612609725245315,0.9264863555569722,43.3730220375079
Pitch,100,104,inner,bandpassed_derivative,20.022234614120503,0.46070622944370015,43.3730220375079
Pitch,100,104,smoothing,bandpassed_level,16.235882539389983,0.9998087892538349,43.3730220375079
Pitch,100,104,smoothing,bandpassed_derivative,16.065739982759332,0.9917056192490391,43.3730220375079
Pitch,100,104,rc_to_gyro,bandpassed_level,30.557767677344746,0.9263374767026856,43.3730220375079
Pitch,100,104,rc_to_gyro,bandpassed_derivative,36.737716821068595,0.45884710488939706,43.3730220375079
Pitch,101,105,inner,bandpassed_level,17.704880563093923,0.9373504547054502,33.78806070323534
Pitch,101,105,inner,bandpassed_derivative,18.563558417384034,0.5714827225224468,33.78806070323534
Pitch,101,105,smoothing,bandpassed_level,16.301375716075924,0.9998157966889133,33.78806070323534
Pitch,101,105,smoothing,bandpassed_derivative,16.140512957963946,0.9953736807098328,33.78806070323534
Pitch,101,105,rc_to_gyro,bandpassed_level,33.642934137618965,0.938849917642224,33.78806070323534
Pitch,101,105,rc_to_gyro,bandpassed_derivative,35.10625771652578,0.5813329861657531,33.78806070323534
Pitch,102,106,inner,bandpassed_level,17.10579944352785,0.952807599940061,20.669865724190025
Pitch,102,106,inner,bandpassed_derivative,16.889204926443895,0.6896673874180991,20.669865724190025
Pitch,102,106,smoothing,bandpassed_level,16.27647078965725,0.9998399437876687,20.669865724190025
Pitch,102,106,smoothing,bandpassed_derivative,16.092738820571405,0.9958310957916041,20.669865724190025
Pitch,102,106,rc_to_gyro,bandpassed_level,31.71085907787784,0.9546390026749685,20.669865724190025
Pitch,102,106,rc_to_gyro,bandpassed_derivative,34.85627358403011,0.7109581718998971,20.669865724190025
Pitch,103,107,inner,bandpassed_level,14.986008584389138,0.9658582218660978,20.20966986792448
Pitch,103,107,inner,bandpassed_derivative,15.017235230685229,0.7783954931314305,20.20966986792448
Pitch,103,107,smoothing,bandpassed_level,16.270329501443797,0.999858204665275,20.20966986792448
Pitch,103,107,smoothing,bandpassed_derivative,15.987338114464501,0.9953126809758139,20.20966986792448
Pitch,103,107,rc_to_gyro,bandpassed_level,31.21952348070652,0.9661905426367677,20.20966986792448
Pitch,103,107,rc_to_gyro,bandpassed_derivative,31.188565082122704,0.7790265234892767,20.20966986792448
Pitch,104,108,inner,bandpassed_level,16.215280145733278,0.9828200557474639,19.408022767348385
Pitch,104,108,inner,bandpassed_derivative,15.153144257407881,0.8737371793966866,19.408022767348385
Pitch,104,108,smoothing,bandpassed_level,16.263909561408514,0.9997753672827937,19.408022767348385
Pitch,104,108,smoothing,bandpassed_derivative,15.91770556161274,0.9940461568310172,19.408022767348385
Pitch,104,108,rc_to_gyro,bandpassed_level,32.766817342885105,0.9839516337823694,19.408022767348385
Pitch,104,108,rc_to_gyro,bandpassed_derivative,31.24661989701107,0.874404371589137,19.408022767348385
Pitch,108,112,inner,bandpassed_level,7.465059549485591,0.987078430225405,23.729943767634325
Pitch,108,112,inner,bandpassed_derivative,6.173782618974829,0.8823142787400428,23.729943767634325
Pitch,108,112,smoothing,bandpassed_level,16.411563919754105,0.9998148142155417,23.729943767634325
Pitch,108,112,smoothing,bandpassed_derivative,15.987428421599393,0.9944646278462331,23.729943767634325
Pitch,108,112,rc_to_gyro,bandpassed_level,23.866173169496644,0.9879924607512363,23.729943767634325
Pitch,108,112,rc_to_gyro,bandpassed_derivative,22.686004378121908,0.8881237907631909,23.729943767634325
Pitch,109,113,inner,bandpassed_level,8.78758041772747,0.9955136539962308,28.533910455513315
Pitch,109,113,inner,bandpassed_derivative,9.831835119127208,0.9539078634790895,28.533910455513315
Pitch,109,113,smoothing,bandpassed_level,16.40205803954756,0.9998229223633445,28.533910455513315
Pitch,109,113,smoothing,bandpassed_derivative,16.132383092521703,0.9962614498540596,28.533910455513315
Pitch,109,113,rc_to_gyro,bandpassed_level,25.15557220601842,0.9955847396488495,28.533910455513315
Pitch,109,113,rc_to_gyro,bandpassed_derivative,26.096699477777026,0.9558610042662684,28.533910455513315
Pitch,110,114,inner,bandpassed_level,8.621336953334973,0.9957118804472659,28.909937126164237
Pitch,110,114,inner,bandpassed_derivative,9.668384915995587,0.9511212110639987,28.909937126164237
Pitch,110,114,smoothing,bandpassed_level,16.42497279856601,0.9998115294828147,28.909937126164237
Pitch,110,114,smoothing,bandpassed_derivative,16.20838397475673,0.9960723994655649,28.909937126164237
Pitch,110,114,rc_to_gyro,bandpassed_level,25.103508763766747,0.9959158077318453,28.909937126164237
Pitch,110,114,rc_to_gyro,bandpassed_derivative,26.009282398530374,0.9535740631573668,28.909937126164237
Pitch,111,115,inner,bandpassed_level,8.49582176164559,0.9953360569414369,28.69484122935068
Pitch,111,115,inner,bandpassed_derivative,9.777296180511907,0.9452735221291435,28.69484122935068
Pitch,111,115,smoothing,bandpassed_level,16.19641640134075,0.9997892818603634,28.69484122935068
Pitch,111,115,smoothing,bandpassed_derivative,16.257284347800482,0.9954906271936944,28.69484122935068
Pitch,111,115,rc_to_gyro,bandpassed_level,24.74948884679506,0.9953676761801051,28.69484122935068
Pitch,111,115,rc_to_gyro,bandpassed_derivative,26.08782193427847,0.9494645614441184,28.69484122935068
Pitch,119,123,inner,bandpassed_level,7.544911521506896,0.9942288353859284,20.71170614604459
Pitch,119,123,inner,bandpassed_derivative,8.116784648578767,0.956543212886586,20.71170614604459
Pitch,119,123,smoothing,bandpassed_level,16.160405612624327,0.9998617297785151,20.71170614604459
Pitch,119,123,smoothing,bandpassed_derivative,16.283793125771894,0.9954158964241988,20.71170614604459
Pitch,119,123,rc_to_gyro,bandpassed_level,23.796565732311745,0.9944835511998384,20.71170614604459
Pitch,119,123,rc_to_gyro,bandpassed_derivative,24.83164800984205,0.9596600951276986,20.71170614604459
Pitch,120,124,inner,bandpassed_level,7.900495334141671,0.9942584822922501,22.25840355715833
Pitch,120,124,inner,bandpassed_derivative,8.17819673132887,0.9560714267090729,22.25840355715833
Pitch,120,124,smoothing,bandpassed_level,16.160191252133046,0.9998748150616602,22.25840355715833
Pitch,120,124,smoothing,bandpassed_derivative,16.25291471288378,0.996011080502134,22.25840355715833
Pitch,120,124,rc_to_gyro,bandpassed_level,24.150639666087674,0.9944582769067701,22.25840355715833
Pitch,120,124,rc_to_gyro,bandpassed_derivative,24.806258187252496,0.9591687066609706,22.25840355715833
Pitch,121,125,inner,bandpassed_level,7.726529774002839,0.9943114420042276,23.26814921930211
Pitch,121,125,inner,bandpassed_derivative,8.256087590678096,0.9558252928563251,23.26814921930211
Pitch,121,125,smoothing,bandpassed_level,16.16160217149058,0.9998953260856079,23.26814921930211
Pitch,121,125,smoothing,bandpassed_derivative,16.283423240254116,0.9964170068069338,23.26814921930211
Pitch,121,125,rc_to_gyro,bandpassed_level,23.96833847973153,0.994607043828129,23.26814921930211
Pitch,121,125,rc_to_gyro,bandpassed_derivative,24.880436991012964,0.9590508490242532,23.26814921930211
Yaw,10,14,inner,bandpassed_level,7.231775043166167,0.9986513417398408,14.368114809109573
Yaw,10,14,inner,bandpassed_derivative,6.512414323539028,0.9822731336832453,14.368114809109573
Yaw,10,14,smoothing,bandpassed_level,16.33310707938684,0.9997331387783012,14.368114809109573
Yaw,10,14,smoothing,bandpassed_derivative,16.434919669375155,0.9946384624242265,14.368114809109573
Yaw,10,14,rc_to_gyro,bandpassed_level,23.704113445949847,0.9988152602480932,14.368114809109573
Yaw,10,14,rc_to_gyro,bandpassed_derivative,22.924841157665792,0.984943194113589,14.368114809109573
Yaw,11,15,inner,bandpassed_level,7.241708119454453,0.9993368653710396,18.560112925559153
Yaw,11,15,inner,bandpassed_derivative,6.382802955815522,0.9885682082759615,18.560112925559153
Yaw,11,15,smoothing,bandpassed_level,16.337039830705542,0.9998552756526039,18.560112925559153
Yaw,11,15,smoothing,bandpassed_derivative,16.114666588556368,0.9966264655935808,18.560112925559153
Yaw,11,15,rc_to_gyro,bandpassed_level,23.500748160736862,0.9993788742104274,18.560112925559153
Yaw,11,15,rc_to_gyro,bandpassed_derivative,22.376912070488345,0.989591632770925,18.560112925559153
Yaw,12,16,inner,bandpassed_level,6.932548940709117,0.9993933857313156,16.940184363581988
Yaw,12,16,inner,bandpassed_derivative,6.0970283522755775,0.9884770951188693,16.940184363581988
Yaw,12,16,smoothing,bandpassed_level,16.237151972949324,0.9998638789362851,16.940184363581988
Yaw,12,16,smoothing,bandpassed_derivative,15.863969693856342,0.9968579930156756,16.940184363581988
Yaw,12,16,rc_to_gyro,bandpassed_level,23.14446031320081,0.999349141731292,16.940184363581988
Yaw,12,16,rc_to_gyro,bandpassed_derivative,21.926045218639917,0.9877222586534484,16.940184363581988
Yaw,13,17,inner,bandpassed_level,6.753881658205902,0.9991964677097153,20.43930889467268
Yaw,13,17,inner,bandpassed_derivative,5.794972603716196,0.986063145034869,20.43930889467268
Yaw,13,17,smoothing,bandpassed_level,16.18645593314424,0.9998720633723036,20.43930889467268
Yaw,13,17,smoothing,bandpassed_derivative,15.515664498186986,0.9964829394629194,20.43930889467268
Yaw,13,17,rc_to_gyro,bandpassed_level,22.914522837917353,0.9991572757383993,20.43930889467268
Yaw,13,17,rc_to_gyro,bandpassed_derivative,21.18093549665984,0.9855744274500985,20.43930889467268
Yaw,14,18,inner,bandpassed_level,6.875745041331044,0.9984957556291864,19.35778750696254
Yaw,14,18,inner,bandpassed_derivative,5.460896749982923,0.9779554837998139,19.35778750696254
Yaw,14,18,smoothing,bandpassed_level,16.118110044358684,0.9998335925351641,19.35778750696254
Yaw,14,18,smoothing,bandpassed_derivative,15.09675570411049,0.9959397644443909,19.35778750696254
Yaw,14,18,rc_to_gyro,bandpassed_level,22.950307941083786,0.9984436107843205,19.35778750696254
Yaw,14,18,rc_to_gyro,bandpassed_derivative,20.332828074367384,0.9783221727724771,19.35778750696254
Yaw,15,19,inner,bandpassed_level,7.306305891892893,0.9969297727450429,14.952283222317684
Yaw,15,19,inner,bandpassed_derivative,5.856035361307295,0.9297752991536691,14.952283222317684
Yaw,15,19,smoothing,bandpassed_level,16.055171712159858,0.9996742175524063,14.952283222317684
Yaw,15,19,smoothing,bandpassed_derivative,15.054779071738865,0.9880607966493005,14.952283222317684
Yaw,15,19,rc_to_gyro,bandpassed_level,23.36336016233364,0.9968892509585172,14.952283222317684
Yaw,15,19,rc_to_gyro,bandpassed_derivative,20.646495694757977,0.9391220593445168,14.952283222317684
Yaw,21,25,inner,bandpassed_level,6.7448803118586715,0.9985135289234682,14.738284407793657
Yaw,21,25,inner,bandpassed_derivative,7.42098813475329,0.9605534371867723,14.738284407793657
Yaw,21,25,smoothing,bandpassed_level,16.45644682098186,0.9996865600537852,14.738284407793657
Yaw,21,25,smoothing,bandpassed_derivative,16.15348791795061,0.9900026969689075,14.738284407793657
Yaw,21,25,rc_to_gyro,bandpassed_level,23.061697186203684,0.9986000801511684,14.738284407793657
Yaw,21,25,rc_to_gyro,bandpassed_derivative,23.925700432092256,0.9639793302275962,14.738284407793657
Yaw,22,26,inner,bandpassed_level,5.544875681566033,0.99845934159744,29.032474983932453
Yaw,22,26,inner,bandpassed_derivative,5.430647517022396,0.9721951130656,29.032474983932453
Yaw,22,26,smoothing,bandpassed_level,16.494183279983307,0.9997299396265926,29.032474983932453
Yaw,22,26,smoothing,bandpassed_derivative,16.367542107863397,0.9930491504214739,29.032474983932453
Yaw,22,26,rc_to_gyro,bandpassed_level,22.097351700983893,0.9985006243222422,29.032474983932453
Yaw,22,26,rc_to_gyro,bandpassed_derivative,22.14036647258519,0.9721110868975582,29.032474983932453
Yaw,23,27,inner,bandpassed_level,5.380483833471441,0.9983488712454404,27.945261979732233
Yaw,23,27,inner,bandpassed_derivative,6.001028862550661,0.9756082688158375,27.945261979732233
Yaw,23,27,smoothing,bandpassed_level,16.430128334287527,0.9997134022555358,27.945261979732233
Yaw,23,27,smoothing,bandpassed_derivative,16.01485333248791,0.9935728668757623,27.945261979732233
Yaw,23,27,rc_to_gyro,bandpassed_level,21.86354740384009,0.998502735576721,27.945261979732233
Yaw,23,27,rc_to_gyro,bandpassed_derivative,22.257741702903324,0.9772793577276608,27.945261979732233
Yaw,24,28,inner,bandpassed_level,4.915776510780396,0.9978633468348731,19.251879909394592
Yaw,24,28,inner,bandpassed_derivative,5.437602296891779,0.9688692683840066,19.251879909394592
Yaw,24,28,smoothing,bandpassed_level,16.387839513751846,0.9997925720364921,19.251879909394592
Yaw,24,28,smoothing,bandpassed_derivative,16.20173198116542,0.9959863424112104,19.251879909394592
Yaw,24,28,rc_to_gyro,bandpassed_level,21.360113529969063,0.9978669868787818,19.251879909394592
Yaw,24,28,rc_to_gyro,bandpassed_derivative,21.856151882815503,0.9692413621630039,19.251879909394592
Yaw,26,30,inner,bandpassed_level,14.579942773812066,0.9959194567027003,25.385433753632793
Yaw,26,30,inner,bandpassed_derivative,8.60643303431086,0.9031713923549091,25.385433753632793
Yaw,26,30,smoothing,bandpassed_level,16.474682782304978,0.9998126546292421,25.385433753632793
Yaw,26,30,smoothing,bandpassed_derivative,15.427653263195372,0.9931100089893005,25.385433753632793
Yaw,26,30,rc_to_gyro,bandpassed_level,31.08823381941139,0.9959149324175125,25.385433753632793
Yaw,26,30,rc_to_gyro,bandpassed_derivative,24.30246384541058,0.8946808470860103,25.385433753632793
Yaw,27,31,inner,bandpassed_level,12.15460683143845,0.9968604929239803,27.799401829007675
Yaw,27,31,inner,bandpassed_derivative,8.556356364998537,0.9288902438271707,27.799401829007675
Yaw,27,31,smoothing,bandpassed_level,16.375499225719906,0.9998735205206575,27.799401829007675
Yaw,27,31,smoothing,bandpassed_derivative,15.588920359465119,0.9942291361812077,27.799401829007675
Yaw,27,31,rc_to_gyro,bandpassed_level,28.512913859626185,0.9966794512902116,27.799401829007675
Yaw,27,31,rc_to_gyro,bandpassed_derivative,24.34410633146975,0.921193735573031,27.799401829007675
Yaw,30,34,inner,bandpassed_level,5.252042497766128,0.9863578846983981,16.935564497978884
Yaw,30,34,inner,bandpassed_derivative,7.012562913217898,0.8208023050567202,16.935564497978884
Yaw,30,34,smoothing,bandpassed_level,16.091775598211633,0.9997363745572858,16.935564497978884
Yaw,30,34,smoothing,bandpassed_derivative,16.217268857634455,0.9892775788216963,16.935564497978884
Yaw,30,34,rc_to_gyro,bandpassed_level,20.996395851188492,0.9871835644983584,16.935564497978884
Yaw,30,34,rc_to_gyro,bandpassed_derivative,23.412301503429283,0.8115249845087851,16.935564497978884
Yaw,50,54,inner,bandpassed_level,8.946820467381567,0.9955354181629488,38.36333247476445
Yaw,50,54,inner,bandpassed_derivative,6.771115760736643,0.9064723748115211,38.36333247476445
Yaw,50,54,smoothing,bandpassed_level,16.17638545189591,0.9991970919160789,38.36333247476445
Yaw,50,54,smoothing,bandpassed_derivative,15.75204578718574,0.9838134103198019,38.36333247476445
Yaw,50,54,rc_to_gyro,bandpassed_level,24.834485927550705,0.9957346284708466,38.36333247476445
Yaw,50,54,rc_to_gyro,bandpassed_derivative,21.918714554593354,0.9128296954240079,38.36333247476445
Yaw,51,55,inner,bandpassed_level,8.688343547954798,0.9963728264072442,36.65334579684243
Yaw,51,55,inner,bandpassed_derivative,6.933832140993604,0.9327800121534205,36.65334579684243
Yaw,51,55,smoothing,bandpassed_level,16.113357926816978,0.999420872125643,36.65334579684243
Yaw,51,55,smoothing,bandpassed_derivative,15.808617783425984,0.9872842089843393,36.65334579684243
Yaw,51,55,rc_to_gyro,bandpassed_level,24.594750702510268,0.9964833303031653,36.65334579684243
Yaw,51,55,rc_to_gyro,bandpassed_derivative,22.247471375798575,0.9394057009670759,36.65334579684243
Yaw,59,63,inner,bandpassed_level,5.6370000683265875,0.9984676209700427,41.26849314985099
Yaw,59,63,inner,bandpassed_derivative,8.454053791185252,0.9700620145648694,41.26849314985099
Yaw,59,63,smoothing,bandpassed_level,16.327036174214285,0.9999635397232789,41.26849314985099
Yaw,59,63,smoothing,bandpassed_derivative,16.065874921540008,0.9976938478317933,41.26849314985099
Yaw,59,63,rc_to_gyro,bandpassed_level,22.014324100351526,0.9984642997199975,41.26849314985099
Yaw,59,63,rc_to_gyro,bandpassed_derivative,24.597250467371897,0.9727418802951381,41.26849314985099
Yaw,60,64,inner,bandpassed_level,5.373661417973088,0.9972001016152926,41.04286540580456
Yaw,60,64,inner,bandpassed_derivative,8.753452075734712,0.908736268735667,41.04286540580456
Yaw,60,64,smoothing,bandpassed_level,16.33750471191784,0.9999637173575778,41.04286540580456
Yaw,60,64,smoothing,bandpassed_derivative,16.04282318243283,0.9977009331709463,41.04286540580456
Yaw,60,64,rc_to_gyro,bandpassed_level,21.783957235440884,0.9971776255692179,41.04286540580456
Yaw,60,64,rc_to_gyro,bandpassed_derivative,24.764485683580443,0.9113675657892765,41.04286540580456
Yaw,61,65,inner,bandpassed_level,5.315239887418294,0.9972516581262851,42.76754482098613
Yaw,61,65,inner,bandpassed_derivative,8.521378139643664,0.9146415812771562,42.76754482098613
Yaw,61,65,smoothing,bandpassed_level,16.32468178779208,0.9999613391233195,42.76754482098613
Yaw,61,65,smoothing,bandpassed_derivative,16.03460052658141,0.9974163223546497,42.76754482098613
Yaw,61,65,rc_to_gyro,bandpassed_level,21.710554977928293,0.9972365260022292,42.76754482098613
Yaw,61,65,rc_to_gyro,bandpassed_derivative,24.48137780718183,0.9177531556362261,42.76754482098613
Yaw,62,66,inner,bandpassed_level,6.737432656603825,0.9982815868362153,51.82835667459129
Yaw,62,66,inner,bandpassed_derivative,8.33709654992313,0.9317055708034301,51.82835667459129
Yaw,62,66,smoothing,bandpassed_level,16.336849120182226,0.999959815582009,51.82835667459129
Yaw,62,66,smoothing,bandpassed_derivative,16.081268694691694,0.9974024128747,51.82835667459129
Yaw,62,66,rc_to_gyro,bandpassed_level,23.126652004999674,0.9982700111491213,51.82835667459129
Yaw,62,66,rc_to_gyro,bandpassed_derivative,24.38726294534191,0.9336342472843661,51.82835667459129
Yaw,63,67,inner,bandpassed_level,6.104961277681358,0.9943526201046389,26.769847241790927
Yaw,63,67,inner,bandpassed_derivative,8.111167571650615,0.7817665346604972,26.769847241790927
Yaw,63,67,smoothing,bandpassed_level,16.224965723010293,0.9999298367528111,26.769847241790927
Yaw,63,67,smoothing,bandpassed_derivative,15.915797156346931,0.9957156343946136,26.769847241790927
Yaw,63,67,rc_to_gyro,bandpassed_level,22.42394268827222,0.9943947784541359,26.769847241790927
Yaw,63,67,rc_to_gyro,bandpassed_derivative,23.422907632545368,0.7852445830918648,26.769847241790927
Yaw,64,68,inner,bandpassed_level,6.81172409533548,0.9982019162312601,24.57118335759966
Yaw,64,68,inner,bandpassed_derivative,7.326792527400344,0.9155943376381726,24.57118335759966
Yaw,64,68,smoothing,bandpassed_level,16.214094176555058,0.9999478371627939,24.57118335759966
Yaw,64,68,smoothing,bandpassed_derivative,15.85859062972296,0.9965504963643788,24.57118335759966
Yaw,64,68,rc_to_gyro,bandpassed_level,23.02344391943248,0.9982429650231165,24.57118335759966
Yaw,64,68,rc_to_gyro,bandpassed_derivative,22.608189831512213,0.9169474815495574,24.57118335759966
Yaw,65,69,inner,bandpassed_level,2.911165908745046,0.9960021455767,57.49514432624767
Yaw,65,69,inner,bandpassed_derivative,7.22923748806894,0.9800147839240917,57.49514432624767
Yaw,65,69,smoothing,bandpassed_level,16.296125087381448,0.9999195518737689,57.49514432624767
Yaw,65,69,smoothing,bandpassed_derivative,16.110862951924716,0.9985199339816958,57.49514432624767
Yaw,65,69,rc_to_gyro,bandpassed_level,19.290193220802585,0.9959585514759435,57.49514432624767
Yaw,65,69,rc_to_gyro,bandpassed_derivative,23.38314140227389,0.9803889475941835,57.49514432624767
Yaw,66,70,inner,bandpassed_level,2.7109605103346217,0.9953716940670104,59.129699180480834
Yaw,66,70,inner,bandpassed_derivative,6.969249454663324,0.978499080650453,59.129699180480834
Yaw,66,70,smoothing,bandpassed_level,16.28586579418966,0.9999125024756497,59.129699180480834
Yaw,66,70,smoothing,bandpassed_derivative,16.123282960493857,0.9985148652236285,59.129699180480834
Yaw,66,70,rc_to_gyro,bandpassed_level,19.153125860943778,0.9954580462459958,59.129699180480834
Yaw,66,70,rc_to_gyro,bandpassed_derivative,23.263233284719057,0.979219892915067,59.129699180480834
Yaw,67,71,inner,bandpassed_level,2.6829631915026972,0.9956047714974869,63.788105923469864
Yaw,67,71,inner,bandpassed_derivative,6.910660801991264,0.9836390241530454,63.788105923469864
Yaw,67,71,smoothing,bandpassed_level,16.288290040380037,0.9999111791191012,63.788105923469864
Yaw,67,71,smoothing,bandpassed_derivative,16.127087998417853,0.9985101939818226,63.788105923469864
Yaw,67,71,rc_to_gyro,bandpassed_level,19.126151204511036,0.9956868685370496,63.788105923469864
Yaw,67,71,rc_to_gyro,bandpassed_derivative,23.227357435258675,0.9842805129613152,63.788105923469864
Yaw,76,80,inner,bandpassed_level,0.14035186691536589,0.9906347073310846,13.421971404084099
Yaw,76,80,inner,bandpassed_derivative,5.017767100357492,0.8808486251800216,13.421971404084099
Yaw,76,80,smoothing,bandpassed_level,15.84832242413052,0.9994462171154402,13.421971404084099
Yaw,76,80,smoothing,bandpassed_derivative,15.795037573718803,0.9846837861273448,13.421971404084099
Yaw,76,80,rc_to_gyro,bandpassed_level,16.61481645740854,0.9914061042193217,13.421971404084099
Yaw,76,80,rc_to_gyro,bandpassed_derivative,21.312474143526636,0.8558502894203707,13.421971404084099
Yaw,77,81,inner,bandpassed_level,3.8600865114602834,0.9929752329436683,24.323951935522395
Yaw,77,81,inner,bandpassed_derivative,5.762983382285243,0.8642284561401601,24.323951935522395
Yaw,77,81,smoothing,bandpassed_level,16.024614267040132,0.9998839528171953,24.323951935522395
Yaw,77,81,smoothing,bandpassed_derivative,15.644334321140672,0.9952553485090571,24.323951935522395
Yaw,77,81,rc_to_gyro,bandpassed_level,19.934321673057475,0.992943148501518,24.323951935522395
Yaw,77,81,rc_to_gyro,bandpassed_derivative,21.425348614924328,0.8690307290218715,24.323951935522395
Yaw,78,82,inner,bandpassed_level,4.046848064166741,0.993255025665981,28.871194332884777
Yaw,78,82,inner,bandpassed_derivative,5.916121108910027,0.8730114727460516,28.871194332884777
Yaw,78,82,smoothing,bandpassed_level,16.04474309658328,0.9999104189610258,28.871194332884777
Yaw,78,82,smoothing,bandpassed_derivative,15.69635588029146,0.9964179577600955,28.871194332884777
Yaw,78,82,rc_to_gyro,bandpassed_level,20.108990529988205,0.9932159497288685,28.871194332884777
Yaw,78,82,rc_to_gyro,bandpassed_derivative,21.56239735121008,0.8786333179856611,28.871194332884777
Yaw,79,83,inner,bandpassed_level,5.527606921144961,0.9964164299407139,57.05288535570946
Yaw,79,83,inner,bandpassed_derivative,8.5066058771164,0.9054942680609692,57.05288535570946
Yaw,79,83,smoothing,bandpassed_level,16.00460650916969,0.9999205996059191,57.05288535570946
Yaw,79,83,smoothing,bandpassed_derivative,15.847508971601975,0.9937416561803245,57.05288535570946
Yaw,79,83,rc_to_gyro,bandpassed_level,21.756020539894187,0.9964199382174519,57.05288535570946
Yaw,79,83,rc_to_gyro,bandpassed_derivative,24.778842500271352,0.9070699365091658,57.05288535570946
Yaw,80,84,inner,bandpassed_level,9.351911185200203,0.998129278172757,64.7581642186177
Yaw,80,84,inner,bandpassed_derivative,9.636574354454156,0.9441489944788596,64.7581642186177
Yaw,80,84,smoothing,bandpassed_level,16.152573867263428,0.999946338969807,64.7581642186177
Yaw,80,84,smoothing,bandpassed_derivative,15.938187032427425,0.994792890763243,64.7581642186177
Yaw,80,84,rc_to_gyro,bandpassed_level,25.53402727767087,0.9980498215926072,64.7581642186177
Yaw,80,84,rc_to_gyro,bandpassed_derivative,25.84578352552075,0.947974880192609,64.7581642186177
Yaw,81,85,inner,bandpassed_level,9.83874426941461,0.9994475049300127,53.873394440590545
Yaw,81,85,inner,bandpassed_derivative,10.411419762484433,0.9725625173310745,53.873394440590545
Yaw,81,85,smoothing,bandpassed_level,16.126256576045733,0.9999469511227216,53.873394440590545
Yaw,81,85,smoothing,bandpassed_derivative,15.945106168817825,0.9939812054268492,53.873394440590545
Yaw,81,85,rc_to_gyro,bandpassed_level,26.00733341229584,0.9994163347757187,53.873394440590545
Yaw,81,85,rc_to_gyro,bandpassed_derivative,26.842323806946474,0.9702982176348224,53.873394440590545
Yaw,82,86,inner,bandpassed_level,9.833016794529344,0.997496572504532,53.39543251692875
Yaw,82,86,inner,bandpassed_derivative,9.809286470220153,0.9042676966666477,53.39543251692875
Yaw,82,86,smoothing,bandpassed_level,16.169651143143728,0.999946740124011,53.39543251692875
Yaw,82,86,smoothing,bandpassed_derivative,15.903276837450035,0.9938972534990413,53.39543251692875
Yaw,82,86,rc_to_gyro,bandpassed_level,26.105660492223986,0.9974417246066849,53.39543251692875
Yaw,82,86,rc_to_gyro,bandpassed_derivative,26.305826881792584,0.9019192885734074,53.39543251692875
Yaw,83,87,inner,bandpassed_level,10.019065412604343,0.9955671930814797,40.43046211311455
Yaw,83,87,inner,bandpassed_derivative,7.987648023314444,0.9055309058073172,40.43046211311455
Yaw,83,87,smoothing,bandpassed_level,16.300914636909077,0.9999462684629862,40.43046211311455
Yaw,83,87,smoothing,bandpassed_derivative,15.892067693645092,0.9973311878753365,40.43046211311455
Yaw,83,87,rc_to_gyro,bandpassed_level,26.367469299956145,0.9954111393672395,40.43046211311455
Yaw,83,87,rc_to_gyro,bandpassed_derivative,24.61029203613215,0.9056037524579928,40.43046211311455
Yaw,84,88,inner,bandpassed_level,7.455581389723251,0.9905737342744354,48.364114134570244
Yaw,84,88,inner,bandpassed_derivative,5.991969322627671,0.9147671293002025,48.364114134570244
Yaw,84,88,smoothing,bandpassed_level,16.26436338548895,0.9998692558909912,48.364114134570244
Yaw,84,88,smoothing,bandpassed_derivative,16.329173023878223,0.9967896859380571,48.364114134570244
Yaw,84,88,rc_to_gyro,bandpassed_level,23.76199507191557,0.9909178204673633,48.364114134570244
Yaw,84,88,rc_to_gyro,bandpassed_derivative,22.604352278930833,0.9166520104730044,48.364114134570244
Yaw,85,89,inner,bandpassed_level,8.773510156449268,0.9939078381237624,50.17094706837788
Yaw,85,89,inner,bandpassed_derivative,6.687464503159311,0.9377009192129527,50.17094706837788
Yaw,85,89,smoothing,bandpassed_level,16.256617297979425,0.9998999158997838,50.17094706837788
Yaw,85,89,smoothing,bandpassed_derivative,16.37622462578847,0.9974788555380701,50.17094706837788
Yaw,85,89,rc_to_gyro,bandpassed_level,24.992120619501783,0.9939492166698376,50.17094706837788
Yaw,85,89,rc_to_gyro,bandpassed_derivative,23.267134359259806,0.9380346195640537,50.17094706837788
Yaw,86,90,inner,bandpassed_level,8.487066070217615,0.9979610507483637,47.71091395234788
Yaw,86,90,inner,bandpassed_derivative,7.570908845817892,0.9745583897965252,47.71091395234788
Yaw,86,90,smoothing,bandpassed_level,16.281110690275703,0.9999109955233264,47.71091395234788
Yaw,86,90,smoothing,bandpassed_derivative,16.35416879485477,0.9976156670287696,47.71091395234788
Yaw,86,90,rc_to_gyro,bandpassed_level,24.776203567818904,0.9979524945543008,47.71091395234788
Yaw,86,90,rc_to_gyro,bandpassed_derivative,24.05057561062482,0.9757944296683662,47.71091395234788
Yaw,87,91,inner,bandpassed_level,9.04096288238612,0.9978807837669705,46.3637861113786
Yaw,87,91,inner,bandpassed_derivative,8.573684555025977,0.9716425746406576,46.3637861113786
Yaw,87,91,smoothing,bandpassed_level,16.25263197528807,0.999911178701561,46.3637861113786
Yaw,87,91,smoothing,bandpassed_derivative,16.36329553103485,0.9971011170359702,46.3637861113786
Yaw,87,91,rc_to_gyro,bandpassed_level,25.356549550156927,0.9978576759529482,46.3637861113786
Yaw,87,91,rc_to_gyro,bandpassed_derivative,25.062543052482198,0.9721584391101196,46.3637861113786
Yaw,88,92,inner,bandpassed_level,9.236879000164935,0.9971643860662325,28.329233584766108
Yaw,88,92,inner,bandpassed_derivative,9.930134049001989,0.9581081456122871,28.329233584766108
Yaw,88,92,smoothing,bandpassed_level,16.387589546694414,0.9999227876094177,28.329233584766108
Yaw,88,92,smoothing,bandpassed_derivative,16.086506293228414,0.9970207106690717,28.329233584766108
Yaw,88,92,rc_to_gyro,bandpassed_level,25.86822891692556,0.9970112916226368,28.329233584766108
Yaw,88,92,rc_to_gyro,bandpassed_derivative,26.3886096389855,0.95708100300562,28.329233584766108
Yaw,89,93,inner,bandpassed_level,7.192732063974526,0.9954978028497821,20.447213302788235
Yaw,89,93,inner,bandpassed_derivative,10.136952652250248,0.9253564986995271,20.447213302788235
Yaw,89,93,smoothing,bandpassed_level,16.316264179247835,0.9998342620542986,20.447213302788235
Yaw,89,93,smoothing,bandpassed_derivative,15.953053674618484,0.9930282019933306,20.447213302788235
Yaw,89,93,rc_to_gyro,bandpassed_level,23.74130461208141,0.995385210921583,20.447213302788235
Yaw,89,93,rc_to_gyro,bandpassed_derivative,26.40976500103291,0.9290030054136894,20.447213302788235
Yaw,96,100,inner,bandpassed_level,10.2414807706232,0.9976990482739351,24.385101100206764
Yaw,96,100,inner,bandpassed_derivative,9.875956187671006,0.9569669478487952,24.385101100206764
Yaw,96,100,smoothing,bandpassed_level,16.261568592395705,0.999794586708962,24.385101100206764
Yaw,96,100,smoothing,bandpassed_derivative,15.28200807267532,0.9938841671162713,24.385101100206764
Yaw,96,100,rc_to_gyro,bandpassed_level,26.50321257928606,0.9976411363807417,24.385101100206764
Yaw,96,100,rc_to_gyro,bandpassed_derivative,25.132073405374225,0.9559833697576144,24.385101100206764
Yaw,97,101,inner,bandpassed_level,12.043026055615316,0.9974490535923902,24.862734202835625
Yaw,97,101,inner,bandpassed_derivative,9.16324259487722,0.9550990099764791,24.862734202835625
Yaw,97,101,smoothing,bandpassed_level,16.363586982294972,0.9998070300658862,24.862734202835625
Yaw,97,101,smoothing,bandpassed_derivative,15.870577065012117,0.9943445351439741,24.862734202835625
Yaw,97,101,rc_to_gyro,bandpassed_level,28.244487085171063,0.9971978905415773,24.862734202835625
Yaw,97,101,rc_to_gyro,bandpassed_derivative,24.743732392537183,0.9519971417430296,24.862734202835625
Yaw,98,102,inner,bandpassed_level,12.361097175517942,0.9944081152606038,22.40114773682294
Yaw,98,102,inner,bandpassed_derivative,5.674235809491031,0.8947091196731117,22.40114773682294
Yaw,98,102,smoothing,bandpassed_level,16.413039549658265,0.9997771474041162,22.40114773682294
Yaw,98,102,smoothing,bandpassed_derivative,15.957535985443295,0.9929552668249712,22.40114773682294
Yaw,98,102,rc_to_gyro,bandpassed_level,28.437160770882485,0.994185231522654,22.40114773682294
Yaw,98,102,rc_to_gyro,bandpassed_derivative,18.866494343960984,0.852813767848956,22.40114773682294
Yaw,99,103,inner,bandpassed_level,11.918831413314876,0.9740769973757183,23.79782132782526
Yaw,99,103,inner,bandpassed_derivative,6.894725649883528,0.6220480910517591,23.79782132782526
Yaw,99,103,smoothing,bandpassed_level,16.373717616829747,0.9997677799503145,23.79782132782526
Yaw,99,103,smoothing,bandpassed_derivative,15.847958359573415,0.9934369418982407,23.79782132782526
Yaw,99,103,rc_to_gyro,bandpassed_level,28.350446486913267,0.9739921912788817,23.79782132782526
Yaw,99,103,rc_to_gyro,bandpassed_derivative,23.74950728904163,0.6182250087552981,23.79782132782526
Yaw,105,109,inner,bandpassed_level,16.236749038363403,0.9906452521561013,23.072454961141815
Yaw,105,109,inner,bandpassed_derivative,9.265213432074749,0.9214423804971086,23.072454961141815
Yaw,105,109,smoothing,bandpassed_level,16.12671167622714,0.9997793863259459,23.072454961141815
Yaw,105,109,smoothing,bandpassed_derivative,15.806041618921899,0.9945274181390542,23.072454961141815
Yaw,105,109,rc_to_gyro,bandpassed_level,32.086528688171896,0.9908231185214061,23.072454961141815
Yaw,105,109,rc_to_gyro,bandpassed_derivative,24.936198853605436,0.9209602760809168,23.072454961141815
Yaw,106,110,inner,bandpassed_level,15.87575415646917,0.9914488650767332,22.428976266090544
Yaw,106,110,inner,bandpassed_derivative,9.30474529617682,0.9319329852201772,22.428976266090544
Yaw,106,110,smoothing,bandpassed_level,16.123125664923,0.9997749447118345,22.428976266090544
Yaw,106,110,smoothing,bandpassed_derivative,15.821506027384194,0.9936690346109905,22.428976266090544
Yaw,106,110,rc_to_gyro,bandpassed_level,31.727895419986613,0.9915656108477384,22.428976266090544
Yaw,106,110,rc_to_gyro,bandpassed_derivative,25.015508039304816,0.9313277288034847,22.428976266090544
Yaw,107,111,inner,bandpassed_level,15.978816754442796,0.9908755775805304,22.732911051579396
Yaw,107,111,inner,bandpassed_derivative,9.442703244956267,0.9296435853512377,22.732911051579396
Yaw,107,111,smoothing,bandpassed_level,16.12479992981705,0.9997933102283318,22.732911051579396
Yaw,107,111,smoothing,bandpassed_derivative,15.733357692678672,0.9940189608732413,22.732911051579396
Yaw,107,111,rc_to_gyro,bandpassed_level,31.83367726765531,0.9909520998596856,22.732911051579396
Yaw,107,111,rc_to_gyro,bandpassed_derivative,25.059295674585186,0.9286887634262895,22.732911051579396
Yaw,108,112,inner,bandpassed_level,15.899352500477491,0.9886950562911866,16.96556894268868
Yaw,108,112,inner,bandpassed_derivative,9.992977127858852,0.9220482297858051,16.96556894268868
Yaw,108,112,smoothing,bandpassed_level,16.17727700448844,0.999719918733458,16.96556894268868
Yaw,108,112,smoothing,bandpassed_derivative,16.045358179716995,0.9941493183582469,16.96556894268868
Yaw,108,112,rc_to_gyro,bandpassed_level,31.795339514489125,0.9885508377115131,16.96556894268868
Yaw,108,112,rc_to_gyro,bandpassed_derivative,25.818056141618243,0.92245058890212,16.96556894268868
