start_s,end_s,rows,east_m_mean,north_m_mean,up_m_mean,heading_mean,horizontal_accuracy_mean,vertical_accuracy_mean,velocity_accuracy_mean,velocity.x_mean,velocity.y_mean,velocity.z_mean,speed_3d_p95
0,10,94,-0.12750630098996327,-0.029035389168965284,-0.2402765957446788,0.47602926981521926,0.6367872340425533,1.0684255319148934,0.25653191489361704,0.0041489361702127655,-9.596342633063189e-19,-0.003936170212765959,0.21406216082059404
10,20,94,-0.5337523834266034,0.08687775614102258,-1.299851063829785,0.4777003297373415,0.7593085106382979,1.3141063829787234,0.23628723404255322,0.009893617021276595,0.01393617021276596,-0.0174468085106383,0.19468570333135055
20,30,100,-0.6446296035401486,0.13691064475618867,-2.087899999999998,0.4774697234680887,0.8411,1.4867399999999997,0.24601000000000003,0.0040999999999999995,-0.008199999999999999,0.0051,0.18031907072267692
30,40,100,-0.9197232946548344,0.29640524779508465,-2.4437999999999978,0.4765796055495714,0.91214,1.6267899999999997,0.26811999999999997,0.0129,0.0066,0.0012999999999999986,0.20208863285606504
40,50,100,-1.2110332417740657,0.18100496944862107,-2.168299999999998,0.47708575103264983,0.9424599999999999,1.67048,0.28356999999999993,0.008,0.0231,-0.047599999999999996,0.20801889669913762
50,60,100,-1.2076236917634517,0.09303860320518426,-1.9942999999999977,0.4775220833456487,0.96841,1.7209700000000003,0.26630000000000004,0.0018000000000000013,0.0013000000000000008,-0.013300000000000001,0.20673142856155904
60,70,100,-1.1087461734676038,0.8794045862215216,-2.9287999999999976,0.4770857510326499,0.98257,1.7810599999999999,0.27866,0.0078000000000000005,0.0202,-0.0377,0.22307980948191178
70,80,100,-1.1792657746666835,1.9909795872199698,-4.551499999999998,0.4762130864066526,1.0382700000000002,1.9829799999999997,0.31795,0.011899999999999999,0.008,-0.028300000000000002,0.23120642423120538
80,90,89,-1.0199663636829477,3.0623664254667085,-6.587089887640448,0.47710241990752844,1.0442022471910113,1.9628426966292136,0.26702247191011236,0.007303370786516854,0.014606741573033709,-0.030898876404494388,0.1907280853302441
90,100,93,-0.9737956544567874,3.9626665485873724,-8.798784946236557,0.47790117636597435,1.0226559139784945,1.890354838709678,0.2643225806451613,0.006774193548387093,0.013440860215053765,-0.020322580645161296,0.21098081924944076
100,110,100,-1.3914067497531715,4.361295567478244,-10.0799,0.47771406956336804,1.0125,1.8578000000000001,0.25106,-0.0032999999999999995,0.016200000000000003,-0.0248,0.19963627896904837
110,120,100,-1.856853671632234,4.554666181763176,-10.940999999999997,0.47726028395784936,1.0191999999999999,1.8806600000000002,0.2665199999999999,0.0070999999999999995,0.0086,-0.017,0.20501950620032927
120,130,100,-1.5649617293337663,4.837113677186895,-11.683100000000001,0.4780107755362071,0.9626399999999999,1.7219100000000003,0.25137,0.0028000000000000004,-0.002600000000000001,0.006399999999999997,0.18259182476980895
130,140,100,-0.8674982823582919,3.9545621086650486,-10.087499999999999,0.47743481688304884,0.98103,1.7143000000000002,0.24678,0.0044,-0.0109,0.027899999999999994,0.23540386734406252
140,150,100,-0.017435878471934795,1.651886933711365,-5.197399999999999,0.5865178951326944,0.85284,1.46389,0.23901,0.0778,-0.0043,0.07680000000000001,0.5613563097507429
150,160,100,0.8717120656369164,1.2768081622805305,-3.898499999999998,0.5533740926373222,0.7601399999999998,1.2756,0.20387999999999998,-0.0087,-0.004900000000000002,-0.014100000000000001,0.2915820893952045
160,170,94,1.122195644923738,1.2950447225106474,-3.929425531914891,0.48588852335574056,0.7380638297872341,1.2411808510638296,0.2314255319148936,-0.000851063829787234,0.006702127659574467,-0.002234042553191489,0.20271779406148055
170,180,88,0.8257546962916472,1.9150338302219796,-5.050022727272725,0.06320868552393102,0.7884886363636364,1.365022727272727,0.22554545454545458,0.002954545454545453,0.014431818181818185,-0.02727272727272728,0.2827730129206624
180,190,96,0.40320521202188386,2.765424135357865,-5.873687499999998,-0.4215515558957555,0.7707395833333335,1.3019791666666667,0.25203125,0.004895833333333334,-0.035520833333333335,0.033020833333333326,0.4370849480047992
190,200,100,0.23196124523005143,2.595748265097934,-5.547,0.010053096491487352,0.89835,1.6660499999999998,0.42733999999999994,-0.022099999999999998,-0.0179,-0.04420000000000001,0.7102887764093412
200,210,100,0.6139986326659654,3.9937693119759246,-7.105599999999999,0.4281467188067289,0.9603300000000001,1.68196,0.37809999999999994,-0.0040999999999999995,0.0532,0.05099999999999999,0.8233369095167328
210,220,100,1.2909220237405525,2.434143502772973,-6.3744999999999985,0.33098423934820453,1.1394499999999999,2.14893,0.49437000000000003,0.0327,-0.0966,0.09019999999999997,0.7558052496337431
220,230,100,1.0838533562496024,2.5012289282291693,-5.588999999999998,0.3209311428567173,1.16788,2.08961,0.31463,-0.0125,0.0279,0.0874,1.087112893719366
230,240,100,0.34988221234909017,3.5259481795980876,-6.236799999999999,0.34981634197722333,1.06128,1.8413699999999997,0.3801500000000001,0.0196,-0.019500000000000003,-0.057800000000000004,0.9635633398725092
240,250,77,0.30044194251055995,3.2924111905928077,-7.388090909090907,0.3519218437203111,1.0773376623376625,1.866779220779221,0.3238831168831169,0.012207792207792207,-0.0002597402597402581,-0.009090909090909089,0.2360604422421159
