start_s,end_s,n,acc_mean_vector_norm,gravity_residual,max_acc_std,max_gyro_std,gyro_mean_norm
1.0,4.0,1498,9.385169433000703,-0.4214305669992964,0.01973180268645174,0.004368820062915771,0.01039146276097116
4.0,7.0,1499,9.402191145213203,-0.4044088547867961,0.019052251392324353,0.004374599225483324,0.010443033577447408
7.0,10.0,1498,9.419667216325903,-0.3869327836740961,0.021215646853834542,0.0044795674740269196,0.010664024007277336
10.0,13.0,1498,9.425702907076406,-0.3808970929235933,0.020669375965329438,0.004190057071054676,0.010889012320601495
13.0,16.0,1498,9.418061233008018,-0.38853876699198153,0.017963640270619426,0.004173099840177991,0.010902892022570413
16.0,19.0,1498,9.422059497494796,-0.3845405025052031,0.021310812489710892,0.004420059928332881,0.010932106262133544
19.0,22.0,1498,9.422493238256619,-0.38410676174338043,0.019105957960430606,0.0044469670351171,0.010796331030892722
22.0,25.0,1498,9.4278550666818,-0.3787449333181989,0.01887491387322905,0.004254021466932838,0.010848632791060915
25.0,28.0,1498,9.427973280159422,-0.37862671984057705,0.019921237230426783,0.004618253205233392,0.010686242898169022
28.0,31.0,1499,9.436025263011398,-0.3705747369886012,0.02105125070960642,0.004362659149762535,0.010778367113028558
31.0,34.0,1498,9.448869645963741,-0.3577303540362582,0.019178905692283407,0.004254311445209281,0.010884109055702265
34.0,37.0,1498,9.44595175144806,-0.36064824855193933,0.0190150931681094,0.00425617255084636,0.011038167210154541
37.0,40.0,1498,9.438741575124432,-0.36785842487556764,0.020313438180207307,0.003930570980117455,0.011029097162124463
40.0,43.0,1498,9.436638168504334,-0.3699618314956652,0.020551401376165807,0.004147040186538377,0.010920716298109173
43.0,46.0,1498,9.443550530685732,-0.3630494693142676,0.01922199917310784,0.004275382181329318,0.011199088234125907
46.0,49.0,1498,9.454037577983735,-0.3525624220162644,0.019364281976592918,0.004290614629994411,0.01126094345314882
49.0,52.0,1499,9.463358245472847,-0.34324175452715266,0.019813431203959796,0.004191686136852516,0.011154658216280226
52.0,55.0,1498,9.464182796630178,-0.3424172033698216,0.020097261288217205,0.004442665497258583,0.011216525025889832
55.0,58.0,1498,9.4624417765508,-0.3441582234491989,0.019472008215380664,0.004301689644363691,0.011305184463885301
58.0,61.0,1498,9.461239218293931,-0.3453607817060682,0.019222359746942176,0.004270658529579033,0.011421567868883816
61.0,64.0,1498,9.45737429179521,-0.3492257082047896,0.020182424134262925,0.004062299749871313,0.01153722113709219
64.0,67.0,1498,9.458538566964277,-0.34806143303572235,0.019679148346453484,0.004314340772115732,0.011644644220351883
67.0,70.0,1498,9.460598455448046,-0.3460015445519531,0.02042475015133851,0.0044525711139107435,0.011513228352146826
70.0,73.0,1498,9.453808062496984,-0.3527919375030155,0.02310893081099415,0.004162743650175965,0.011426336522455732
73.0,76.0,1498,9.455963404395446,-0.35063659560455385,0.01982895695494933,0.004346587726698317,0.011343139613494117
76.0,79.0,1499,9.465609225724378,-0.3409907742756211,0.019569864600456344,0.004138506374677335,0.011614513432113522
79.0,82.0,1498,9.468541041671553,-0.3380589583284461,0.020167609963033323,0.00443935575754242,0.011571137710618545
82.0,85.0,1498,9.48344159818178,-0.323158401818219,0.019639967889026267,0.004530243144474615,0.01159378059329782
85.0,88.0,1498,9.48237940953895,-0.32422059046104934,0.021928866682269135,0.004208767458224059,0.01158527238470044
88.0,91.0,1498,9.48124245785429,-0.32535754214571,0.020084199020760248,0.004114277666664556,0.011677016283449634
91.0,94.0,1498,9.485289527047222,-0.3213104729527778,0.021292323931450554,0.004436540425073205,0.011779486467656095
94.0,97.0,1498,9.496803154380352,-0.3097968456196476,0.020471411789729003,0.004234582860754536,0.01192090339565339
