bag_s,stamp_s,header.stamp_ns,rtk_stamp_ns,reset_counter,navigation_innovation_squared,navigation_rejections,dt_s,eligible,navigation_update,measurement_age_s,position_step_x_m,correction_x_m,position_step_y_m,correction_y_m,position_step_z_m,correction_z_m,horizontal_correction_m,vertical_correction_abs_m,correction_3d_m
6.011523568,6.0008461550000005,1790410747199492864,1790410747190151936,2,0.1485676981972244,0,0.00200192,True,True,0.009340928,-0.01646465115671389,-0.016543413063839083,-0.0049864832420462996,-0.004986552926546045,0.040842790050355626,0.04114758859863579,0.017278606016980842,0.04114758859863579,0.04462817801986351
11.515479844,11.507390283,1790410752706036992,1790410752689242112,2,0.2990507809646354,0,0.002002432,True,True,0.01679488,-0.0204595710974681,-0.020566662252160917,-0.0020962051432382002,-0.0021511691482631844,-0.0008559376330081747,-0.000731946009426807,0.020678856953393245,0.000731946009426807,0.02069180682926496
17.024615704000002,17.012585547,1790410758211232256,1790410758190377984,2,0.2300898112421967,0,0.002002432,True,True,0.020854272,0.008403837000750702,0.008324971041098155,0.006753254445659496,0.00675651123998742,-0.011780008822782406,-0.011678582560349824,0.010721734326646937,0.011678582560349824,0.01585386002177723
22.026784872,22.020229707,1790410763218876416,1790410763186705664,2,0.0720125193246309,0,0.00200192,True,True,0.032170752000000004,-0.0009879490886516296,-0.0009992699149844217,-0.0025805276586983172,-0.0025926481812240687,-0.0022094091237887525,-0.0021126590578645944,0.0027785544721306878,0.0021126590578645944,0.0034905147542124444
27.034908526,27.027567179,1790410768226213888,1790410768190819328,2,0.0914535449759982,0,0.0020001280000000003,True,True,0.035394560000000005,-0.002723711570374876,-0.0027244786936776785,0.0038669146898689943,0.00392423686438943,-0.0004320100174735053,-0.00041202821911728166,0.004777281561739543,0.00041202821911728166,0.004795016827236957
32.037423957,32.031385931,1790410773230032640,1790410773189105920,2,0.4963301545082386,0,0.001999616,True,True,0.04092672,-0.007759293096770925,-0.007769818923708874,-0.00273414854378079,-0.002772467414193108,-0.00015107862853414034,-0.0001933003385574783,0.00824964615422911,0.0001933003385574783,0.008251910487327985
37.044225883,37.037825099,1790410778236471808,1790410778191452416,2,0.2102420451160999,0,0.002001152,True,True,0.045019392000000005,-0.0007300552674117666,-0.0007253059208826839,0.0026123031432064847,0.0026161389819455176,-0.007226928489344697,-0.00743323753260957,0.0027148207770905258,0.00743323753260957,0.007913486720019059
42.052281238000006,42.043542603000006,1790410783242189312,1790410783191875584,2,0.5045635535423106,0,0.00200064,True,True,0.050313728,-0.0020234918982748873,-0.0019254182669099919,-0.0015467330989848982,-0.0015722125626528494,-0.010289402197140252,-0.010481754286603065,0.002485777110827541,0.010481754286603065,0.010772477002502064
47.057423188,47.050164043,1790410788248810752,1790410788188101632,2,0.7025226801802937,0,0.0020001280000000003,True,True,0.060709120000000005,-0.0023874913995811653,-0.002275169011186391,-0.009957347167763891,-0.0100362581427831,-0.011413258170719143,-0.011662463559959108,0.010290912084846657,0.011662463559959108,0.015553646769340528
52.062751813000006,52.055808331,1790410793254455040,1790410793192484608,2,0.5510203697869795,0,0.0020044800000000003,True,True,0.061970432000000006,0.00735033520107975,0.007484936470157886,-0.008872264035714617,-0.009044817215311632,-0.009852381021760559,-0.010254491410517602,0.011740229657919697,0.010254491410517602,0.01558805910012778
57.069540129,57.062490187,1790410798261136896,1790410798192896000,2,0.9142051170338744,0,0.002003712,True,True,0.06824089600000001,0.0044968170867605295,0.004583538527506137,-0.010686580986083882,-0.010947900029749283,-0.01554983024646428,-0.016094786289091664,0.011868670544526774,0.016094786289091664,0.019997687020904455
62.077448586,62.068351051,1790410803266997760,1790410803193282304,2,1.3337376943766692,0,0.0020034560000000002,True,True,0.073715456,0.0042463090180049345,0.004340289084985974,-0.011830470086861555,-0.01220383529054412,-0.01876624588439557,-0.019350429537318338,0.012952671737521123,0.019350429537318338,0.023285420941410968
67.082959367,67.075315019,1790410808273961728,1790410808193847296,2,3.485056206203932,0,0.0020032,True,True,0.080114432,0.007091995338248669,0.007269034707954255,-0.009693757620891974,-0.010267544616864986,-0.03756795721009287,-0.038105369759481054,0.012580196264158868,0.038105369759481054,0.04012830101750546
72.088615225,72.081720651,1790410813280367360,1790410813190139648,2,4.117212770277995,0,0.00200064,True,True,0.090227712,0.011479194152137051,0.011800182541653322,-0.018887668222998144,-0.019629129634116792,-0.03275109601486026,-0.033184576984804655,0.022902991905192256,0.033184576984804655,0.04032075381078246
77.094316828,77.087188299,1790410818285835008,1790410818192505600,2,3.415456807913172,0,0.002001152,True,True,0.093329408,0.014891908739760984,0.015257378488684017,-0.027691300099568217,-0.028452661546027817,-0.025975661690226914,-0.02629634894451452,0.03228531473285909,0.02629634894451452,0.041639398593296684
82.10044195900001,82.093852491,1790410823292499200,1790410823193017344,2,4.276143173080824,0,0.0020008960000000003,True,True,0.09948185600000001,0.021884450475974093,0.02222782651429655,-0.022403908746223777,-0.0230268896286647,-0.03366885455256563,-0.0340243833095279,0.03200490458539707,0.0340243833095279,0.046711589323357984
87.80949835300001,87.801003851,1790410828999650560,1790410828992822016,2,6.173322477018879,0,0.00200192,True,True,0.006828544000000001,0.024341657210806833,0.02464244208382701,-0.02267742701165698,-0.0233377289505948,-0.04694343059171002,-0.04741356477777719,0.03393964561432837,0.04741356477777719,0.058309053065220266
93.427205293,93.410653259,1790410834609299968,1790410834594369280,2,5.667696690603092,0,0.002003968,True,True,0.014930688000000001,0.016964398977106,0.017249879062250267,-0.025563963283238067,-0.026221769037160874,-0.046341385673288826,-0.046869470000182954,0.031386931979734314,0.046869470000182954,0.05640821497972187
98.823244164,98.814623307,1790410840013270016,1790410839999585280,2,6.63962322875206,0,0.00200064,True,True,0.013684736000000001,0.01458075696527028,0.014984852389991817,-0.023111614703785754,-0.02377134599480894,-0.04846913694591759,-0.0491525347430896,0.028100225827469117,0.0491525347430896,0.05661796855438557
