bag_s,stamp_s,rtk_stamp_ns,navigation_innovation_squared
8.715350551,8.710610283000001,1790652145827673344,0.144730657139094
8.817385625,8.810830955,1790652145927825152,0.1033968377368771
8.917407754000001,8.911010411000001,1790652146027964416,0.0900418839747627
9.018243162,9.011199595,1790652146126104832,0.1459066329505385
9.117406365,9.110376811,1790652146228229632,0.0503076186567224
9.217356551,9.210597483,1790652146326369024,0.0325846082639791
9.317516513,9.310798955,1790652146428512256,0.3368548119422338
9.418593921,9.410991467,1790652146526635776,0.0622619224340664
9.51954018,9.511159915,1790652146650813184,0.1486926391100576
9.617622087,9.611383147,1790652146728960000,0.214828504644441
9.720583124,9.713640043,1790652146829118976,0.2201631828746745
9.821181458,9.813828459,1790652146925254912,0.1097362208594411
9.919394698,9.912028779,1790652147025364992,0.203252621327271
10.018440272,10.011299435,1790652147127526400,0.0798896243346442
10.119101606,10.112549995,1790652147231684864,0.0289592276513335
10.219230883,10.212713835,1790652147327805440,0.064662480877681
10.319360735,10.312856171,1790652147427905280,0.0676931352503729
10.419617642,10.413064555,1790652147524081920,0.193278149248631
10.520471346,10.513255275,1790652147654292224,0.1571565582320713
10.619881105,10.613444459,1790652147728417280,0.072887532437789
10.719374994,10.712632427,1790652147828558848,0.0639186393926128
10.819696161,10.812871531,1790652147928726784,0.1188055834232282
10.919679438,10.913065323,1790652148024871680,0.037575873545848
11.020846661,11.013253483000002,1790652148126998784,0.1811156284438565
11.120426661000002,11.113478251,1790652148229128448,0.0887743854400413
11.220409605,11.213689451,1790652148327289088,0.162559852710798
11.320482568,11.313897835,1790652148429420032,0.1270280425816155
11.420551994,11.413062251,1790652148525528832,0.0567698694702297
11.52129116,11.513259115,1790652148655674880,0.2610238291172749
11.619478919,11.613503595,1790652148727827968,0.1689147875153257
11.720572290000002,11.713754987000002,1790652148827962112,0.1532948919668497
11.823570253000002,11.815979371,1790652148926073088,0.0606898877446186
11.921280549,11.914223467,1790652149024217344,0.1097150057389283
12.021496956,12.014455915,1790652149128395776,0.1712829074891751
12.121415734,12.114695787,1790652149228528128,0.1110326623384444
12.222399067,12.214966891,1790652149328636416,0.2909681847732941
12.321408382,12.314185067,1790652149428769792,0.1640507056163786
12.429662641,12.416429163,1790652149526887680,0.0934800172811154
12.524304289000002,12.516698987000002,1790652149655045888,0.1715464609984494
12.633285826000002,12.620994411000002,1790652149729152512,0.1513847978439024
12.726831456,12.717203307,1790652149829297408,0.0967195572743762
12.848684993,12.827452267,1790652149929469952,0.2447300387884785
12.927505993,12.919680107,1790652150025576448,0.1710142413670626
13.02493877,13.016920683,1790652150129737984,0.1687311318040457
13.138019956,13.121269355,1790652150229870336,0.133782133458318
13.249393085,13.227537771,1790652150330004480,0.1074875830196383
13.332557141,13.317800555000002,1790652150428177664,0.1347834746850095
13.42687477,13.418042219,1790652150526275840,0.2495296462084431
13.528487344,13.518283883,1790652150656436992,0.1378294597853365
13.625604418,13.618526059,1790652150728586752,0.0776832718868579
13.727249011,13.718795371,1790652150828727296,0.2453645392545642
13.82706527,13.818028139,1790652150928872192,0.1162101047064203
13.931247307,13.922263915,1790652151029017344,0.1232996934977265
14.026451474000002,14.018519403,1790652151129193728,0.1365421644594752
14.125202085000002,14.116785003,1790652151227348480,0.221305289736982
14.233927103,14.223106155000002,1790652151329529600,0.1211471937158444
14.328049825,14.319339883,1790652151425657344,0.2693745429221851
14.424517659,14.417571435,1790652151529805312,0.1075229944944558
14.52506664,14.517829739000002,1790652151651937792,0.189112917119738
14.623718732,14.616985963,1790652151728041472,0.5139462884880752
14.724344399,14.717236331,1790652151828177152,0.4067885762301372
14.824253973,14.818432875,1790652151924305408,0.1252204003402147
14.926704066,14.920628331,1790652152026438912,0.2364697101464746
15.025428251,15.018808939,1790652152128557568,0.1302643944744959
15.125426047,15.118955115,1790652152228660736,0.1448510273697013
15.225774769,15.219154539000002,1790652152328790528,0.1196973638956988
15.325298639,15.319341931,1790652152424940800,0.2647285197679461
15.427717658,15.421592427,1790652152529063680,0.2088987031678671
15.526100973,15.518745963,1790652152655174656,0.1192068439861648
15.624559676,15.618952299000002,1790652152729347328,0.148373049439498
15.725249121,15.719161707,1790652152825501696,0.0949842587648378
15.827651232,15.821352299,1790652152923631616,0.1129373839423361
15.926422343,15.919559275,1790652153027761920,0.4397787853166434
16.026902787,16.019737707,1790652153127899392,0.1477094957092909
16.128874602,16.121973355,1790652153228052224,0.5887873925461654
16.227397787,16.220163179,1790652153328177152,0.218464055131374
16.326656565,16.319385707000002,1790652153424328448,0.2457443299610405
16.426475694,16.419569003,1790652153526455808,0.2163780875664653
16.527279935,16.519830123000002,1790652153656696576,0.1464733565527036
16.626891102000002,16.620023147,1790652153728812288,0.4685399545025873
16.727322565,16.720172395000002,1790652153828977152,0.274423994687465
16.827287805,16.820419435,1790652153925147136,0.1347093736604448
16.927470101,16.920617067000002,1790652154029290496,0.177921420708909
17.027663731,17.019849835000002,1790652154129422080,0.1398430382748846
17.130071175,17.122055275,1790652154225515520,0.2339872600169533
17.227570749,17.220251755,1790652154329656576,0.2021790718896841
17.32727362,17.320488555,1790652154425818880,0.1488885653701671
17.430978675000002,17.422763883000002,1790652154529949184,0.3133683574858977
17.529297379000003,17.521929835,1790652154658124800,0.1602772801224582
17.627720083,17.622110571,1790652154728256512,0.1511017124567868
17.728326231,17.722333291,1790652154828411648,0.1482997689494432
17.829606582,17.822515563,1790652154926550272,0.1214615795998866
17.928375379000002,17.921698923,1790652155028654336,0.1961883391669392
18.028488045,18.021889899,1790652155128803328,0.2201720878419925
18.128967693,18.122186859000003,1790652155230970368,0.213890620642081
18.23063173,18.224382827,1790652155329108736,0.1282780897148024
18.329281656000003,18.322628715,1790652155425228288,0.2617413697147515
18.43091586,18.422824811,1790652155529374976,0.1309711401100597
18.530426582,18.523044971,1790652155651569152,0.1250808937182798
18.628682156,18.623253355000003,1790652155729731328,0.1374924351934675
18.730337971,18.723457131,1790652155829853440,0.1715828644174304
18.829338749,18.822649451,1790652155925996800,0.2118591056292325
18.929794952,18.922919275,1790652156028198912,0.341427204854863
19.029680693,19.023149931000003,1790652156128363520,0.2012284926710687
19.130613748,19.123325291,1790652156230479872,0.1230049373548404
19.230233359,19.223495787,1790652156326584832,0.2243284918324908
19.331139563,19.323712107,1790652156428716800,0.2167216505095824
19.430827267,19.423997803,1790652156528879360,0.1095682253266129
19.533593711,19.526173291000003,1790652156657030144,0.1897882585588091
19.630822248,19.624329323,1790652156727129344,0.303035494592986
19.73025447,19.723529835,1790652156825339904,0.3515999148600523
19.830476729,19.823737707000003,1790652156927502336,0.1623847150594497
19.932479174,19.925954411000003,1790652157027626752,0.2875055169078465
20.031844766000003,20.024103531,1790652157127744000,0.1334293429660248
20.131451877,20.124300907,1790652157229873920,0.238589650351177
20.2311486,20.224521835,1790652157324036864,0.1894510271268836
20.33165947,20.324736107,1790652157426170880,0.1444854707781043
20.432799933,20.424894059,1790652157528280064,0.3608714885058442
20.533381044,20.525148011,1790652157658430464,0.1724326735152844
20.630438618000003,20.624427371000003,1790652157728597760,0.1390479887508811
20.733311988,20.726701419,1790652157824729088,0.2332766074382548
20.832692007,20.825928811,1790652157928828672,0.1857996686345763
20.932966932000003,20.926137707,1790652158028967424,0.1685266462995388
21.032451747,21.026297195,1790652158129131520,0.1770292655761753
21.132942062,21.126491499,1790652158229273600,0.2660269149724662
21.235286599,21.228694891,1790652158325422848,0.1954465932985181
21.33460758,21.327950443,1790652158429594368,0.1290727912717156
21.433390765,21.426147947,1790652158529736192,0.2821353223704648
21.534394321,21.526317931,1790652158657881344,0.127535719065248
21.634896617000003,21.628544619000003,1790652158730049280,0.1527416243416557
21.735197099,21.728776043,1790652158826198784,0.1396857156052147
21.833710265,21.825949035,1790652158928207616,0.1365783106379746
21.93398021,21.926163819000003,1790652159028315392,0.1853894805393577
22.033559839,22.027405163,1790652159128465152,0.3425915041381571
22.139515395,22.129564267000003,1790652159324644096,0.4708883128034753
22.335463006,22.329027435,1790652159428870144,0.1395758559334544
22.435569339,22.429077355,1790652159529025792,0.1841500543775958
22.53539745,22.527264107,1790652159659154432,0.1680938216640205
22.636517487000003,22.627416427,1790652159823260928,0.3237954487043528
22.836758265,22.827833707,1790652159927531776,0.3403074693222258
22.935306153000003,22.928035179,1790652160027655936,0.1391207060064602
23.038471802,23.027294571,1790652160225858048,0.242280392205495
23.136335876,23.129552235,1790652160324020480,0.3046916582662733
23.235341487000003,23.228769387,1790652160426160640,0.268277333652642
23.335309394000003,23.328946795,1790652160526279168,0.2424821715687494
23.539290135,23.529356395,1790652160726607360,0.3815010858267511
23.636636135,23.629553003,1790652160826758400,0.2630251873150856
23.838570412000003,23.828977771,1790652161026991616,0.2568473010131347
23.935344671000003,23.929203051,1790652161127166464,0.1433053043510964
24.036192245,24.029397355,1790652161225299712,0.3389391263875229
24.136441912,24.129558635,1790652161325409536,0.2900502116142469
24.236385356000003,24.229772907,1790652161425532672,0.2010839843877775
24.336533097,24.329968235000003,1790652161527689728,0.2397136002795037
24.539443801,24.529323371,1790652161725975552,0.1678061191058786
24.739661541,24.729732459,1790652161928271104,0.2725821355070376
24.837222467,24.829949291,1790652162026403328,0.4540355568205908
24.938232134000003,24.930109291,1790652162128531456,0.1812162978997086
25.037595708,25.030303595000003,1790652162224692224,0.2157594106685546
25.137627856,25.130522475000003,1790652162328856576,0.2723495187351711
25.238627448000003,25.231817323,1790652162427020800,0.1487547909030245
25.337640911,25.330968683,1790652162527125248,0.1463552920667015
25.542412152,25.533374827000003,1790652162725438720,0.1402026267586817
25.638426967,25.631554923000003,1790652162829582592,0.1738535479128624
25.738325355,25.731744619,1790652162929680640,0.2213262096625806
25.838177337,25.831959147000003,1790652163027822080,0.2173458576185563
25.938356429,25.932173675,1790652163130009344,0.1221393534605651
26.039570059000003,26.032369259000003,1790652163226143232,0.1248103884926421
26.138383522,26.131542379000003,1790652163328262400,0.2641894204137779
26.238632281,26.231777899,1790652163428429824,0.1585978719591764
26.340270559,26.333985899,1790652163528586752,0.1213482001269944
26.54237304,26.532337771,1790652163724914432,0.1881909912231948
26.642121929,26.634585963000003,1790652163829072896,0.1819561572882041
26.739325299,26.732817003,1790652163929208576,0.2402860521800917
26.83924941,26.831999083000003,1790652164029324288,0.1450619547783261
26.939644151000003,26.932214379,1790652164129473792,0.3615629234006077
27.039286873,27.032459627,1790652164225674752,0.1769569465669463
27.141683632000003,27.134705259,1790652164329821184,0.563381677559394
27.240321984,27.232951659,1790652164429940736,0.299046010126211
27.340272392000003,27.333188971,1790652164530082816,0.2373223140822519
27.545462077000003,27.535665259,1790652164726443520,0.2446533467547012
27.641317854,27.633939563,1790652164828553984,0.2598929179245196
27.740369058,27.733235563,1790652164928704256,0.0846149830963811
27.840674762000003,27.833451883,1790652165028869632,0.1281889395567319
27.942751076,27.935701611,1790652165129031168,0.4003279589882531
28.041462965,28.033938539,1790652165225161216,0.2351640984377067
28.14137415,28.134116971,1790652165327284992,0.1077465117868141
28.247086835,28.238341227000003,1790652165429414656,0.133067116009048
28.34461478,28.336525931,1790652165527531520,0.2602266916100732
28.549583206,28.537931883,1790652165727796736,0.21473899682394
28.646159076000004,28.639087211000003,1790652165827901952,0.1750226221933939
28.745400743,28.737315435000003,1790652165928050688,0.3008922177966037
28.848224187000003,28.841520747,1790652166028193280,0.1770790213892362
28.946162761,28.935730795,1790652166126338048,0.3051345189866451
29.045718057,29.037924203000003,1790652166230487040,0.357352667204227
29.145853798,29.138138731,1790652166330659072,0.1546605529156227
29.243869335000003,29.236353131,1790652166430827264,0.2898616315033096
29.347556631000003,29.338521963,1790652166528947712,0.1494293746446807
29.561399075,29.539925355,1790652166729225984,0.2699756539851277
29.662981038,29.642150763000004,1790652166829387008,0.391973551925439
29.745662205,29.736328299,1790652166929538048,0.2656014522082754
29.846683909000003,29.838520171000003,1790652167031644416,0.3371546021560579
29.948871557,29.938735211,1790652167125814016,0.1205949685594569
30.049393631,30.040962155000003,1790652167229973248,0.0942648662881081
30.149533631,30.141134955,1790652167330109696,0.0705125779347666
30.254275075,30.238347627000003,1790652167430253056,0.2586424259235525
30.359666353,30.342540651,1790652167530398976,0.2662446112577457
30.568667501,30.547067755,1790652167730803968,0.343244297013157
30.64588926,30.638280043,1790652167830988544,0.3293286878121192
30.746972945000003,30.740436331,1790652167931135232,0.2083619299929782
30.850610667,30.842632555,1790652168031261184,0.3564247812607975
30.947436445,30.939785579,1790652168127367424,0.0904235640058629
31.047858482,31.040012907,1790652168229500928,0.3074212999530675
31.14762363,31.140227947000003,1790652168329651712,0.3896645734652399
31.251227871,31.242402923,1790652168429774080,0.1411337710725854
31.347892593,31.340534123,1790652168527867904,0.1368516061844313
31.552017037,31.539956331000003,1790652168730187776,0.1641840203968135
31.646301611,31.638113387,1790652168830294784,0.1242242382801507
31.746477611000003,31.738321515000003,1790652168930434816,0.1597025050079961
31.848074093,31.840605803000003,1790652169030589952,0.242576153080132
31.948413741000003,31.940857451000003,1790652169126770176,0.3629914237958112
32.047650537,32.039096171000004,1790652169230896384,0.1256051887548295
32.150111963,32.141339243000004,1790652169331054336,0.4430963434975228
32.249131278,32.241639275000004,1790652169429209088,0.3721450833529803
32.347433759000005,32.338895467,1790652169529336576,0.3145815871264883
32.553860555,32.542261355,1790652169729586432,0.3103403341393005
32.651646759,32.644497259000005,1790652169829749504,0.2369348984123006
32.747971851,32.740672363,1790652169929889536,0.1013993566365419
32.850456018,32.842886251,1790652170029989120,0.1849190218303557
32.952343888,32.943083883,1790652170128132096,0.3153073309529987
33.050727222,33.043284587,1790652170228299264,0.1226870033924154
33.149449796,33.142506603,1790652170328446208,0.0987097197462419
33.251638592,33.242654059,1790652170430581504,0.1762456308804383
33.350163666,33.342872683,1790652170528714496,0.1165619949981434
33.554118962000004,33.541298283,1790652170729042688,0.3746220180074112
33.650205092,33.641462891,1790652170829167104,0.0763311428805346
33.75103311,33.741680235000004,1790652170929297920,0.2379216506762165
33.852077906000005,33.843909227000005,1790652171027420160,0.146383440158095
33.951616795,33.943083883,1790652171129574144,0.1426836541308168
34.048901554000004,34.041270635000004,1790652171229679360,0.1671396022415274
34.149808239,34.141456747,1790652171329818368,0.0847547165388782
34.254486091000004,34.245701483000005,1790652171429969408,0.0757897116075941
34.354698684,34.345913451,1790652171526099712,0.0258634724942282
34.557576795,34.544277355000006,1790652171728358400,0.031540249022024
34.653128184,34.644506731,1790652171828495872,0.20511698397611
34.752515739,34.741836651,1790652171928634112,0.0864639823991417
34.852175998,34.845040235,1790652172024781056,0.1264679471036381
34.955162480000006,34.947264363,1790652172128966400,0.2323669618104226
35.052933239000005,35.043502187,1790652172227131904,0.2178856062028499
35.152778831,35.143665515,1790652172327236096,0.0195685951164379
35.255245479,35.245905771000004,1790652172429370880,0.0722082584413911
35.354131294000005,35.346090603,1790652172529507584,0.0726639611627235
35.561307961000004,35.547541355,1790652172727802368,0.0486488948461342
35.652552553,35.643703659,1790652172825931264,0.0920499484155524
35.753915757,35.745939051,1790652172928059392,0.1046222697495621
35.853857035000004,35.846167915,1790652173024212736,0.0915636843816697
35.953980053,35.944324203,1790652173130352384,0.1331304598820682
36.055912016,36.046476139,1790652173228491264,0.0415072737805886
36.156765497,36.146648171,1790652173328588288,0.1702246112825773
36.257694812,36.247884651,1790652173428759296,0.0672717846975244
36.357446312,36.348072299,1790652173525037056,0.0176316563949589
36.56279946,36.546451563000005,1790652173731348992,0.1019230297217944
36.653586479000005,36.644645483000005,1790652173829502976,0.0320180669853585
36.755497534,36.746888811000005,1790652173929636352,0.1639983940470973
36.856959627,36.847081579000005,1790652174025792000,0.0400214913530575
36.955510941,36.947295083,1790652174129939200,0.0962451789715602
37.053484127,37.045491307,1790652174228070400,0.1136827669529086
37.158889034000005,37.146772587,1790652174330226432,0.2018255572730297
37.254692886,37.245044075,1790652174428372480,0.341958152199469
37.35466396,37.345262443,1790652174524508416,0.2266508555445694
37.559844274,37.545715563,1790652174728838912,0.0330590396123315
37.656162941000005,37.647973227,1790652174829025536,0.0783696198824186
37.755893237,37.746206571,1790652174929160448,0.2600121964544197
37.857574348,37.848411755,1790652175025283584,0.0246975679081626
37.957772256000005,37.946680683,1790652175129437696,0.0588444373136637
38.057830607,38.047920235,1790652175229563136,0.1157862358026172
38.159039607,38.147181419,1790652175329703936,0.1985457775630002
38.259225959000005,38.251385963,1790652175427856128,0.0287600581140558
38.357525607,38.349577579000005,1790652175525966848,0.0152650605854948
38.563278126,38.549973355000006,1790652175726301952,0.0912087855286962
38.657154681,38.648142699000005,1790652175828427776,0.1220263514798112
38.757510014000005,38.749373803000005,1790652175926573824,0.0102021720818515
38.858748237,38.851583851,1790652176028706048,0.0954893814857074
38.961433292,38.951773035,1790652176128868096,0.1820309301226577
39.05730794,39.049984875,1790652176229046016,0.0674160727658039
39.158422310000006,39.148209771000005,1790652176329187840,0.038417762671928
39.259081681000005,39.250414699,1790652176425315328,0.1914459835328155
39.358858273,39.350558827,1790652176525426688,0.1993558408226391
39.564529625000006,39.550042731000005,1790652176729920256,0.0694282785585534
39.659259477,39.648207467000006,1790652176828055808,0.0147921942914336
39.761986069,39.752395371000006,1790652176924194048,0.0510135943133528
39.859080384,39.850646891,1790652177028362496,0.0911966046883529
39.958856754,39.950882411,1790652177128506112,0.0597421910121989
40.059023699,40.049043563000005,1790652177228618496,0.0374928426474551
40.160375884,40.151303787,1790652177326756096,0.0826598610755949
40.258345014,40.248507755000006,1790652177424873984,0.0852066707363793
40.364258606,40.352761707,1790652177529015040,0.01914709686703
40.565635032,40.553173355000006,1790652177729307648,0.1301939187506739
40.65895881,40.649439595,1790652177827480064,0.0933554519188095
40.761312884000006,40.753666411000005,1790652177925587456,0.0058726311557795
40.860470402,40.851903595,1790652178029739008,0.0745430803144496
40.961861883000005,40.953067883,1790652178127859712,0.1511082757269207
41.059666920000005,41.051256171000006,1790652178227988992,0.1159951056247518
41.160162457000006,41.152528747000005,1790652178328145664,0.2033827718135116
41.260101328000005,41.252700267,1790652178426270720,0.0406319530697055
41.360772513,41.350926955000006,1790652178528407040,0.038366185286202
41.566524309,41.555337323,1790652178728726272,0.0743431206011032
41.664223383,41.655509611,1790652178828862464,0.0777102466493862
41.762143642000005,41.755689835000005,1790652178924975616,0.08253506330453
41.861432920000006,41.853925483000005,1790652179029155840,0.0554081693202908
41.963029938000005,41.954122091,1790652179129347328,0.032284423344977
42.062295475,42.053311083,1790652179229512448,0.1664356999919263
42.167000068,42.157515883,1790652179329624064,0.0218866306120974
42.264228123,42.255893867000005,1790652179423743744,0.0841767738376138
42.364246623,42.355952491,1790652179529896704,0.027273923155267
42.566770642,42.554306155000006,1790652179728143360,0.5317118761267299
42.663951438000005,42.654481771,1790652179828266240,0.2520732253551506
42.764264734,42.754707819,1790652179924412928,0.0341754793372049
